in:Span,in:Side height,in:Trust Type,in:Segments,in:Midspan deflection,in:Shape exponent,in:Kr√ºmmungsanteil,in:MaterialSwitch bottom,in:MaterialSwitch top,in:MaterialSwitch right_dia,in:MaterialSwitch left_dia,in:MaterialSwitch vertical,in:MaterialSwitch column,in:TIMBER Type Switch bottom,in:TIMBER Type Switch top,in:TIMBER Type Switch right dia,in:TIMBER Type Switch left dia,in:TIMBER Type Switch vertical,in:TIMBER Type Switch column,in:STEEL CrossSectionSwitch bottom,in:STEEL CrossSectionSwitch top,in:STEEL CrossSectionSwitch right Diagonal,in:STEEL CrossSectionSwitch left Diagonal,in:STEEL CrossSectionSwitch vertical,in:STEEL CrossSectionSwitch column,in:Diameter_bottom,in:Diameter_top,in:Diameter_r_diagonal,in:Diameter_l_diagonal,in:Diameter_vertical,in:Diameter_column,in:Number of bars_bottom,in:Number of bars_top,in:Number of bars_r_diagonal,in:Number of bars_l_diagonal,in:Number of bars_vertical,in:Number of bars_column,out:wlc_Minimise_CO2,out:imgFile,img
30,3.5,3,23,1.82,1.44,0.62,1,1,1,1,1,0,14,1,2,25,0,9,5,11,12,2,5,13,3,6,5,3,8,8,13,12,15,0,13,1,4.6463e+7,img_0003.png,img_0003_Front.png
30,0.4,5,15,0.16,1.39,0.01,1,1,1,1,1,1,9,19,25,19,25,21,8,9,9,3,1,9,1,2,1,2,8,0,15,7,16,7,8,11,7.7483e+6,img_0004.png,img_0004_Front.png
30,1.6,5,28,1.89,1.06,0.06,1,0,0,1,1,0,24,13,10,24,25,13,1,8,5,8,5,13,6,0,2,1,2,6,3,6,7,12,4,4,1.3291e+6,img_0005.png,img_0005_Front.png
30,3.0,5,20,1.15,0.54,0.32,1,1,1,1,1,0,21,24,6,2,9,6,13,0,8,2,1,3,4,5,0,1,7,2,7,16,11,2,2,11,1.6113e+6,img_0006.png,img_0006_Front.png
30,1.8,6,10,0.74,1.34,0.73,0,1,0,0,0,1,15,7,8,3,17,17,5,1,13,11,9,5,7,1,1,5,0,3,13,5,3,15,11,17,2.4567e+6,img_0007.png,img_0007_Front.png
30,4.9,5,1,1.11,1.99,0.15,0,1,1,1,1,1,19,17,3,15,17,16,0,6,2,11,9,6,4,2,7,7,0,2,10,4,11,18,10,1,2.3001e+7,img_0008.png,img_0008_Front.png
30,0.6,1,13,2.36,1.92,0.93,1,0,1,0,1,1,4,8,21,22,3,13,11,13,5,8,6,13,2,5,3,0,2,3,15,1,4,3,9,13,7.6183e+6,img_0009.png,img_0009_Front.png
30,2.5,1,22,2.41,2.10,0.04,0,0,0,1,0,0,3,8,18,6,3,11,4,1,1,12,8,1,5,3,2,5,6,0,12,10,4,6,13,13,2118.333516,img_0010.png,img_0010_Front.png
30,2.9,6,17,1.31,2.45,0.3,0,0,0,0,1,0,21,16,2,8,1,4,11,11,7,13,2,11,2,4,3,6,6,3,18,9,13,10,6,17,41494.317249,img_0011.png,img_0011_Front.png
30,4.5,6,9,1.67,0.55,0.45,0,1,1,0,1,1,16,12,1,19,11,8,6,6,11,7,2,1,5,3,0,1,6,6,9,16,8,10,11,13,1.3177e+6,img_0012.png,img_0012_Front.png
30,1.2,2,1,2.81,1.37,0.23,1,0,1,1,0,1,3,22,6,7,9,14,11,1,10,8,1,5,1,3,4,2,1,8,3,1,14,1,15,1,3.9113e+6,img_0013.png,img_0013_Front.png
30,2.3,1,18,0.96,1.06,0.64,1,1,1,0,1,1,25,16,16,16,16,20,0,7,3,12,11,2,4,2,3,7,5,7,19,2,18,8,6,7,1.9559e+6,img_0014.png,img_0014_Front.png
30,3.3,4,24,3.12,0.91,0.86,0,0,0,0,1,0,13,25,17,22,3,14,11,13,12,3,13,1,3,6,6,6,6,4,6,6,10,5,19,5,704322.842878,img_0015.png,img_0015_Front.png
30,2.6,6,27,0.55,1.65,0.25,0,0,0,1,0,0,17,18,22,18,7,24,13,5,3,0,8,1,7,8,2,0,8,6,6,9,17,4,13,7,459748.461187,img_0016.png,img_0016_Front.png
30,3.1,1,13,2.45,1.36,0.48,0,1,0,0,1,0,4,15,24,7,19,24,9,4,2,8,9,13,7,1,7,6,8,8,18,7,16,4,14,15,1.8846e+6,img_0017.png,img_0017_Front.png
30,4.4,4,2,0.02,2.17,0.3,1,0,0,0,0,1,20,17,21,2,8,16,9,0,5,3,13,2,8,3,8,6,1,2,14,10,9,14,14,2,1.9349e+6,img_0018.png,img_0018_Front.png
30,0.7,2,29,1.13,1.25,0.9,0,1,0,0,0,0,11,19,9,16,17,9,0,10,8,0,7,13,5,5,5,2,8,5,7,18,9,19,10,18,105875.548772,img_0019.png,img_0019_Front.png
30,0.8,1,6,1.98,1.47,0.87,1,1,1,1,1,1,15,7,6,22,20,15,11,2,2,5,9,1,7,3,0,3,3,7,7,18,1,9,4,2,4.0015e+6,img_0020.png,img_0020_Front.png
30,3.3,3,9,3.47,1.50,0.37,1,0,1,1,1,0,4,9,4,5,10,17,12,11,11,8,2,12,2,3,5,3,8,5,6,13,11,13,13,10,1.6565e+6,img_0021.png,img_0021_Front.png
30,1.6,6,21,1.13,1.86,0.49,1,1,0,1,0,0,4,23,15,18,1,16,6,0,3,8,11,7,4,8,8,7,8,1,0,12,1,19,6,4,1.7616e+6,img_0022.png,img_0022_Front.png
30,3.6,3,7,1.38,1.19,0.62,0,1,0,0,1,0,6,16,21,2,16,9,10,12,0,4,2,5,3,3,4,5,7,6,2,19,12,14,11,2,1.3806e+6,img_0023.png,img_0023_Front.png
30,3.8,3,2,1.74,0.82,0.6,1,0,1,1,1,0,10,15,0,2,17,15,12,1,11,0,13,0,1,1,8,6,3,7,19,14,18,10,13,14,866617.150075,img_0024.png,img_0024_Front.png
30,0.3,3,25,0.10,1.68,0.67,1,0,1,0,1,1,10,9,15,2,9,5,10,8,1,1,7,1,3,2,4,3,1,0,4,8,18,14,13,8,3.6685e+6,img_0025.png,img_0025_Front.png
30,0.1,3,14,3.24,1.96,0.31,0,1,0,0,0,1,8,12,4,18,13,1,6,1,8,10,1,2,6,4,5,7,1,5,2,3,4,12,10,8,1.4631e+6,img_0026.png,img_0026_Front.png
30,3.2,5,1,2.4,2.23,0.6,1,0,0,1,0,0,16,24,18,12,9,1,12,7,3,13,7,4,2,1,5,3,7,0,9,5,0,5,17,8,2.8489e+6,img_0027.png,img_0027_Front.png
30,0.2,2,15,2.75,1.92,0.34,1,1,0,0,1,1,8,17,5,8,10,6,13,13,1,7,1,6,2,6,8,5,8,7,0,9,10,19,7,6,3.4084e+6,img_0028.png,img_0028_Front.png
30,1.6,2,22,0.58,0.86,0.81,1,0,0,1,0,1,24,2,1,11,22,20,11,10,13,1,11,4,8,4,2,7,7,6,12,11,6,5,7,3,1.0385e+6,img_0029.png,img_0029_Front.png
30,2.0,2,28,3.81,1.25,0.24,1,1,1,0,1,1,21,22,3,23,11,13,3,8,0,4,5,1,4,5,5,5,5,4,1,11,11,12,15,6,2.3305e+6,img_0030.png,img_0030_Front.png
30,2.0,3,15,0.46,1.07,0.32,1,0,0,1,1,0,8,12,0,13,11,21,3,13,1,13,10,8,7,2,2,4,2,6,1,16,10,12,12,1,765812.072724,img_0031.png,img_0031_Front.png
30,4.9,4,24,1.97,1.10,0.42,1,1,0,0,1,0,24,1,25,17,2,10,5,13,9,0,13,10,3,1,6,0,2,2,6,13,17,17,15,12,6.9706e+6,img_0032.png,img_0032_Front.png
30,4.7,2,8,2.46,2.08,0.7,1,1,0,0,1,1,24,18,24,14,13,16,0,9,4,4,4,10,4,1,5,2,4,2,15,13,1,9,8,12,1.6608e+6,img_0033.png,img_0033_Front.png
30,2.2,6,13,1.07,2.11,0.74,1,0,0,1,1,1,19,19,22,18,2,14,0,7,12,0,4,1,3,5,1,7,4,2,6,8,19,0,10,12,777813.213817,img_0034.png,img_0034_Front.png
30,2.6,1,23,1.37,1.23,0.36,0,1,1,0,0,0,4,8,21,0,11,16,7,0,6,7,4,11,6,8,3,0,0,6,18,19,17,4,1,5,2.6911e+6,img_0035.png,img_0035_Front.png
30,0.3,5,16,3.12,1.75,0.28,1,0,0,1,0,1,2,9,1,16,6,5,9,2,11,9,3,8,5,0,7,5,6,3,19,2,3,14,2,3,1.6901e+6,img_0036.png,img_0036_Front.png
30,2.9,2,1,2.28,1.49,0.87,1,1,0,0,1,0,3,7,10,9,15,5,0,11,9,1,4,8,3,5,2,3,8,6,13,7,7,8,3,7,2.9919e+6,img_0037.png,img_0037_Front.png
30,3.4,5,23,1.04,1.43,0.74,1,0,0,0,0,0,22,10,5,16,23,0,2,11,7,10,0,0,1,2,4,0,7,0,7,16,3,4,3,4,209423.476932,img_0038.png,img_0038_Front.png
30,4.6,1,27,3.32,0.80,0.31,1,1,0,0,1,1,1,22,5,15,6,25,6,2,4,12,11,2,3,6,1,5,4,1,2,6,7,11,1,19,1.7698e+6,img_0039.png,img_0039_Front.png
30,2.6,4,2,1.29,0.75,0.37,0,0,0,1,1,1,10,16,9,12,24,25,10,5,0,0,7,9,8,3,7,4,8,6,19,14,13,6,3,11,2.2901e+6,img_0040.png,img_0040_Front.png
30,0.3,3,12,3.25,1.07,0.67,1,1,0,1,1,0,2,3,0,14,12,20,2,7,4,7,8,9,0,3,2,2,4,0,6,13,15,1,18,12,2.2792e+6,img_0041.png,img_0041_Front.png
30,1.7,2,3,1.83,1.68,0.28,1,1,0,0,0,0,23,23,6,9,22,22,0,7,11,12,0,12,1,4,8,4,6,8,17,7,18,14,19,16,2.2651e+6,img_0042.png,img_0042_Front.png
30,4.5,4,1,0.02,2.48,0.42,0,0,1,1,0,1,23,5,9,4,9,24,1,12,10,6,13,5,0,6,7,0,0,4,9,7,19,2,5,12,9.4183e+6,img_0043.png,img_0043_Front.png
30,4.1,1,13,3.39,1.46,0.84,0,1,0,1,1,0,12,17,3,4,21,9,7,0,6,5,9,8,2,7,3,7,2,5,19,13,10,17,14,0,2.3157e+6,img_0044.png,img_0044_Front.png
30,3.0,3,1,0.57,0.79,0.34,1,0,0,0,0,0,25,15,24,9,0,15,9,8,13,13,2,3,3,1,3,5,3,1,13,8,4,4,19,11,3.0252e+6,img_0045.png,img_0045_Front.png
30,0.5,4,23,1.97,1.11,0.07,1,1,0,0,0,1,25,25,20,5,7,9,9,7,10,2,12,6,4,4,1,7,7,0,2,10,3,8,16,12,5.707e+6,img_0046.png,img_0046_Front.png
30,2.1,1,23,0.77,1.55,0.54,0,0,1,1,1,0,9,13,4,6,12,1,4,1,0,8,0,10,4,1,5,7,5,0,13,13,4,1,9,2,1.2488e+6,img_0047.png,img_0047_Front.png
30,2.0,6,6,2.88,1.36,0.39,1,0,1,0,0,0,22,8,13,2,0,19,3,11,11,8,12,13,3,6,2,5,8,5,15,19,18,18,10,1,464559.966567,img_0048.png,img_0048_Front.png
30,4.7,5,27,2.54,0.73,0.58,0,0,0,1,1,0,19,4,17,15,6,19,12,8,1,4,1,9,5,4,4,1,5,1,10,11,15,1,8,3,3.8447e+6,img_0049.png,img_0049_Front.png
30,0.9,5,1,0.77,2.37,0.95,1,0,0,0,0,1,5,17,23,10,7,23,4,6,5,8,6,8,8,3,5,5,4,0,16,19,5,18,0,14,1.8902e+6,img_0050.png,img_0050_Front.png
30,4.2,5,3,0.72,1.34,0.66,0,0,0,1,0,0,11,18,25,6,6,18,3,13,8,4,12,10,8,7,6,2,2,0,9,15,17,4,8,12,778422.777432,img_0051.png,img_0051_Front.png
30,1.2,6,8,2.53,1.16,0.18,1,0,1,0,0,1,12,21,6,11,25,24,12,1,13,4,1,3,1,0,7,6,5,0,17,18,16,15,3,12,861077.11712,img_0052.png,img_0052_Front.png
30,1.5,4,4,0.89,1.95,0.4,1,0,0,1,1,1,10,6,4,22,13,23,0,5,5,13,2,11,4,6,6,4,6,4,4,10,19,9,12,2,2.7028e+6,img_0053.png,img_0053_Front.png
30,4.8,1,16,0.67,1.26,0.76,1,1,0,1,1,0,20,15,15,20,15,13,1,13,11,8,0,7,0,2,4,8,7,7,4,5,16,2,13,11,2.3467e+6,img_0054.png,img_0054_Front.png
30,2.0,1,21,3.52,2.01,0.15,1,0,0,0,1,0,8,23,12,2,10,14,5,8,7,6,10,3,7,6,0,5,7,1,9,14,5,16,9,16,5.9965e+6,img_0055.png,img_0055_Front.png
30,4.6,6,16,1.56,2.32,0.56,1,0,1,0,1,0,24,7,7,12,10,8,12,13,4,9,13,10,1,7,3,6,2,1,14,13,0,14,16,6,2.2609e+6,img_0056.png,img_0056_Front.png
30,1.0,1,3,0.17,2.06,0.16,0,0,1,1,1,1,9,3,21,17,14,23,8,6,1,6,11,4,3,0,3,4,0,2,19,8,6,10,7,2,1.6129e+6,img_0057.png,img_0057_Front.png
30,2.8,2,27,0.79,2.37,0.68,0,1,0,1,0,1,11,13,12,15,4,23,5,13,0,7,9,6,8,3,8,1,3,4,5,11,0,9,6,5,2.6687e+6,img_0058.png,img_0058_Front.png
30,1.8,5,25,1.34,0.53,0.3,1,1,0,1,0,0,14,18,2,14,15,13,1,9,9,2,2,13,4,1,3,2,5,5,14,12,0,15,1,17,1.3456e+6,img_0059.png,img_0059_Front.png
30,4.6,3,2,0.4,1.37,0,0,1,0,0,1,0,5,6,25,5,5,25,3,1,3,6,7,12,3,4,2,0,6,5,13,3,2,6,13,17,1.5757e+6,img_0060.png,img_0060_Front.png
30,1.0,2,24,1.12,1.92,0.29,0,1,0,0,0,1,5,21,9,19,25,16,12,7,13,11,1,12,4,7,7,2,8,1,10,13,7,0,16,9,1.0619e+6,img_0061.png,img_0061_Front.png
30,3.8,3,4,0.65,1.93,0.21,1,0,1,0,1,0,11,21,21,14,25,23,11,7,13,0,3,11,8,2,7,2,5,1,9,18,17,5,4,10,825467.207844,img_0062.png,img_0062_Front.png
30,1.3,4,17,1.66,1.24,0.64,1,0,1,1,0,0,21,4,1,23,21,5,13,8,9,11,13,12,4,3,4,7,8,4,8,18,0,7,5,16,848028.108824,img_0063.png,img_0063_Front.png
30,4.5,3,10,3.97,0.61,0.64,0,0,1,1,0,0,17,18,7,24,19,7,3,4,8,5,6,8,6,8,3,8,0,8,14,2,2,3,5,3,1.495e+7,img_0064.png,img_0064_Front.png
30,0.4,1,20,0.91,2.40,0.54,0,1,0,1,1,0,12,14,12,8,1,23,8,11,2,2,6,3,0,7,2,6,5,3,2,18,4,5,10,14,513218.213338,img_0065.png,img_0065_Front.png
30,3.3,6,2,3.48,1.96,0.08,0,0,1,1,0,1,21,15,2,11,18,1,8,11,13,5,13,6,1,1,7,4,3,6,7,17,6,11,5,12,7.0961e+6,img_0066.png,img_0066_Front.png
30,1.6,3,18,1.54,1.82,0.97,1,0,0,0,0,0,12,8,2,21,10,11,8,7,3,9,3,8,7,6,1,0,5,3,14,13,8,18,4,5,382686.524862,img_0067.png,img_0067_Front.png
30,0.1,6,27,2.71,0.79,0.24,1,0,0,0,0,0,15,5,9,10,18,15,3,13,13,4,5,9,3,0,6,5,7,6,3,1,13,3,11,13,725484.449213,img_0068.png,img_0068_Front.png
30,0.3,2,12,0.69,0.61,0.75,1,0,0,1,1,0,12,4,21,19,9,20,9,11,8,5,8,0,1,5,6,0,3,6,2,9,4,6,16,1,4.3047e+6,img_0069.png,img_0069_Front.png
30,1.9,4,18,3.89,1.66,0.52,1,0,0,1,0,0,12,1,11,10,12,13,3,13,8,13,0,0,3,3,7,1,7,5,7,11,10,13,11,13,543922.186317,img_0070.png,img_0070_Front.png
30,0.7,5,1,3.26,1.53,0.78,0,0,1,0,1,1,6,3,21,4,2,22,13,10,0,4,9,1,4,4,1,6,5,0,11,9,2,19,0,9,3.8369e+6,img_0071.png,img_0071_Front.png
30,4.7,4,7,2.85,2.19,0.93,0,0,1,0,1,0,16,23,17,6,6,18,4,12,7,13,6,9,5,7,4,5,2,2,11,11,17,18,10,11,2.3293e+6,img_0072.png,img_0072_Front.png
30,2.9,2,10,0.47,0.59,0.34,0,1,1,0,1,1,6,24,24,0,25,7,3,8,10,7,7,3,5,7,5,6,3,1,17,18,14,3,14,19,1.2754e+6,img_0073.png,img_0073_Front.png
30,0.1,1,3,1.19,0.51,0.79,0,1,1,1,1,0,6,9,8,5,24,5,8,13,4,13,3,9,4,7,4,8,5,4,8,16,0,9,14,4,4.3111e+6,img_0074.png,img_0074_Front.png
30,3.7,1,13,2.49,1.33,0.65,0,0,0,1,1,0,21,3,8,11,11,11,9,6,4,1,0,4,0,3,6,1,7,4,10,7,3,13,5,3,959469.703812,img_0075.png,img_0075_Front.png
30,0.7,6,18,1.31,1.45,0.06,0,1,0,0,0,1,16,0,17,19,16,25,6,9,12,1,3,9,0,0,6,8,6,3,5,3,0,16,18,9,4.6046e+6,img_0076.png,img_0076_Front.png
30,4.0,1,18,3.23,0.61,0.2,1,0,1,0,1,0,5,25,0,16,24,19,6,0,6,5,3,9,4,6,0,3,8,1,10,15,17,7,8,0,4.8309e+6,img_0077.png,img_0077_Front.png
30,0.4,2,17,3.15,1.49,0.09,0,0,0,1,0,1,10,17,20,17,0,16,10,9,10,3,9,0,3,5,7,8,8,2,6,16,10,4,8,4,901113.848818,img_0078.png,img_0078_Front.png
30,3.9,2,7,3.59,1.77,0.17,0,1,1,0,0,0,16,14,19,21,4,20,4,10,13,13,13,12,6,8,4,6,2,1,18,2,4,17,5,3,434234.585963,img_0079.png,img_0079_Front.png
30,3.3,5,9,2.61,1.08,0.33,0,1,0,0,0,1,12,1,24,1,10,14,0,6,4,12,9,10,8,6,4,8,4,8,5,17,19,17,7,15,953686.194189,img_0080.png,img_0080_Front.png
30,3.4,6,8,2.73,1.04,0.46,1,0,1,1,1,1,17,23,10,12,23,7,10,7,5,5,13,6,8,5,7,5,2,1,3,3,9,16,0,10,1.8069e+7,img_0081.png,img_0081_Front.png
30,2.9,3,3,0.89,2.07,0.13,1,1,0,0,0,1,8,9,16,21,22,8,4,5,4,8,8,6,4,1,3,0,3,1,17,18,8,17,2,17,6.8343e+6,img_0082.png,img_0082_Front.png
30,0.9,5,2,1.27,0.79,0.4,0,1,1,1,1,0,14,5,4,3,18,9,13,5,0,12,9,0,4,4,1,8,0,7,8,9,12,3,11,9,6.5336e+6,img_0083.png,img_0083_Front.png
30,4.4,6,15,2.86,1.47,0.43,1,1,0,1,1,0,16,8,2,22,1,6,0,5,11,7,8,5,7,6,4,5,1,0,12,11,13,1,18,10,8.1909e+6,img_0084.png,img_0084_Front.png
30,3.4,3,21,2.29,1.94,0.92,1,1,0,0,0,1,0,11,16,5,25,3,11,13,1,0,3,7,5,5,2,0,4,8,8,9,8,14,7,2,556963.588891,img_0085.png,img_0085_Front.png
30,0.3,5,23,1.76,1.53,0.03,0,0,0,1,1,1,6,19,11,11,25,0,0,9,13,3,11,13,7,5,2,1,0,0,6,8,9,7,7,2,488329.893034,img_0086.png,img_0086_Front.png
30,0.8,5,11,2.94,1.92,0.56,0,1,0,0,1,0,7,20,21,19,22,17,8,7,2,3,9,2,0,8,0,6,8,4,4,3,17,4,9,4,863790.395193,img_0087.png,img_0087_Front.png
30,0.9,5,10,0.07,2.23,0.24,0,0,1,1,1,0,1,12,10,19,13,23,4,10,13,5,4,2,6,0,4,5,2,5,11,19,4,16,9,14,6.6363e+6,img_0088.png,img_0088_Front.png
30,3.0,5,10,3.96,0.81,0.22,1,0,0,0,0,1,1,20,20,1,6,12,11,1,0,0,7,10,1,5,0,5,5,5,0,16,8,14,2,3,137608.080112,img_0089.png,img_0089_Front.png
30,4.4,6,9,2.88,1.90,0.49,1,1,1,1,1,0,16,1,17,20,9,22,11,13,13,10,3,7,0,8,2,8,3,6,13,14,12,2,16,15,1.1239e+6,img_0090.png,img_0090_Front.png
30,4.8,6,16,1.82,2.37,0.96,0,1,0,0,1,0,2,23,6,4,22,19,2,12,8,13,3,4,0,7,6,1,8,1,14,7,0,4,4,4,633964.138717,img_0091.png,img_0091_Front.png
30,2.6,2,27,0.23,1.00,0.59,0,0,0,1,1,0,18,17,8,10,14,10,10,8,6,2,10,8,6,3,6,0,0,2,14,5,15,8,13,19,630013.49018,img_0092.png,img_0092_Front.png
30,2.0,4,15,0.01,2.35,0.56,0,0,0,1,1,1,21,9,6,8,15,13,2,6,8,2,5,10,1,7,4,6,8,8,9,6,3,10,3,12,6.527e+6,img_0093.png,img_0093_Front.png
30,2.9,6,24,0.75,2.42,0.92,0,0,1,1,1,0,4,23,14,16,22,2,2,3,3,10,11,1,5,5,4,5,6,2,5,7,7,9,13,12,1.2724e+6,img_0094.png,img_0094_Front.png
30,0.9,5,23,2.81,2.32,0.3,1,0,1,0,0,1,5,24,13,9,19,8,0,4,7,11,4,9,6,7,1,8,2,2,5,9,11,1,5,16,1.9948e+6,img_0095.png,img_0095_Front.png
30,2.2,1,11,1.35,1.46,0.46,1,1,0,1,0,1,11,0,10,3,22,11,9,4,12,11,10,1,6,5,7,8,2,6,19,14,18,12,11,9,1.1105e+6,img_0096.png,img_0096_Front.png
30,2.7,3,22,0.38,1.85,0.37,0,0,0,1,0,1,24,13,6,8,9,9,0,6,9,4,6,3,3,4,5,6,5,5,7,5,4,19,8,6,1.6793e+6,img_0097.png,img_0097_Front.png
30,0.2,4,24,1.73,1.08,0.12,0,0,0,1,0,0,0,9,0,10,14,1,3,1,3,9,13,1,3,1,7,7,1,3,3,4,19,8,0,18,38870.226631,img_0098.png,img_0098_Front.png
30,2.6,2,13,2.66,0.68,0.53,0,0,0,0,0,1,2,6,9,20,12,20,0,6,3,2,8,12,4,2,0,8,7,6,16,3,7,13,19,11,280772.636722,img_0099.png,img_0099_Front.png
30,2.6,1,1,2.52,2.03,0.96,0,1,0,1,1,1,13,24,18,6,17,1,2,5,0,2,10,11,4,6,2,5,1,6,9,0,14,16,2,12,5.494e+6,img_0100.png,img_0100_Front.png
30,4.2,3,12,3.80,0.67,0.68,0,0,0,0,0,0,16,19,9,23,15,8,4,5,8,4,7,6,5,7,3,7,1,7,12,2,3,3,7,3,5066.840598,img_0101.png,img_0101_Front.png
30,1.6,4,10,0.30,2.05,0.48,0,0,0,1,1,1,16,7,5,12,13,17,0,5,5,8,3,10,2,6,5,5,6,4,6,8,7,10,4,7,898461.49863,img_0102.png,img_0102_Front.png
30,1.6,5,28,1.89,1.06,0.87,1,0,0,1,1,0,15,7,6,22,20,15,11,8,5,8,5,13,6,0,2,1,2,6,3,6,7,12,4,4,1.0021e+6,img_0103.png,img_0103_Front.png
30,1.2,4,15,2.03,1.22,0.67,0,0,0,0,0,0,20,5,3,22,20,8,12,6,8,11,12,10,4,2,4,5,7,4,9,18,0,6,7,14,2080.312809,img_0104.png,img_0104_Front.png
30,1.9,1,22,1.98,1.24,0.25,0,0,0,0,0,0,5,22,5,16,24,16,7,3,7,9,2,10,4,6,3,2,8,1,10,13,11,1,13,2,2143.87937,img_0105.png,img_0105_Front.png
30,2.3,1,18,0.02,2.17,0.3,1,1,1,0,1,1,20,17,21,2,8,16,9,7,3,12,11,2,4,2,3,7,5,7,14,10,9,14,14,2,1.9107e+6,img_0106.png,img_0106_Front.png
30,3.9,1,15,2.71,0.87,0.2,1,0,1,0,1,0,6,24,4,15,24,19,7,1,7,4,3,9,4,5,1,2,7,1,9,15,17,6,7,2,3.4454e+6,img_0107.png,img_0107_Front.png
30,0.5,5,6,3.19,1.62,0.41,0,0,0,0,0,1,4,6,10,11,4,11,11,3,5,5,6,3,4,2,4,5,5,1,14,6,2,16,1,7,192802.695739,img_0108.png,img_0108_Front.png
30,2.6,2,8,1.22,2.10,0.04,0,1,0,1,1,1,11,10,3,16,4,1,8,5,0,2,10,11,1,8,5,1,7,6,9,7,13,2,1,13,6.0836e+6,img_0109.png,img_0109_Front.png
30,2.9,1,15,2.11,1.39,0.49,0,0,0,0,1,0,5,14,20,6,17,19,8,3,1,8,7,12,6,1,6,6,7,6,17,8,13,3,13,12,1.3397e+6,img_0110.png,img_0110_Front.png
30,1.9,4,24,1.15,1.60,0.13,0,0,0,1,0,0,12,17,20,17,5,18,10,6,7,2,8,0,4,6,4,2,8,3,6,11,13,4,10,4,266779.662591,img_0111.png,img_0111_Front.png
30,4.4,6,15,1.31,2.45,0.3,1,1,0,1,1,0,21,16,2,8,1,4,11,5,11,7,8,5,7,6,4,5,1,0,18,9,13,10,6,17,7.9379e+6,img_0112.png,img_0112_Front.png
30,4.6,2,6,2.04,1.93,0.56,0,1,0,0,1,0,20,15,24,12,11,17,0,7,3,4,4,10,3,1,4,1,4,2,14,11,1,8,9,13,938677.567476,img_0113.png,img_0113_Front.png
30,3.7,3,4,3.51,1.88,0.13,0,0,1,0,0,0,19,14,8,13,11,7,5,10,13,7,13,10,4,4,5,4,2,3,12,12,4,13,5,5,192805.854071,img_0114.png,img_0114_Front.png
30,1.5,4,4,0.89,1.95,0.4,0,1,1,1,1,1,10,6,4,22,13,23,0,6,2,11,9,11,4,6,6,4,6,4,4,10,19,9,12,2,4.6124e+6,img_0115.png,img_0115_Front.png
30,1.7,4,3,0.97,1.71,0.39,0,0,0,1,1,1,10,8,5,20,15,23,2,5,4,10,3,10,4,5,6,4,6,4,7,10,17,8,10,3,704775.278956,img_0116.png,img_0116_Front.png
30,1.2,1,9,0.67,0.71,0.53,0,0,0,1,1,0,6,10,2,6,16,14,5,13,2,13,6,8,6,5,3,6,4,4,5,16,6,10,12,1,439136.2205,img_0117.png,img_0117_Front.png
30,2.0,2,28,3.81,1.25,0.24,1,1,1,0,1,1,1,20,20,1,6,12,3,8,0,4,5,1,4,5,5,5,5,4,1,11,11,12,15,6,2.3305e+6,img_0118.png,img_0118_Front.png
30,4.6,2,7,2.11,1.93,0.69,0,0,0,0,0,0,21,18,24,12,11,15,0,9,4,4,5,10,4,2,5,2,3,1,13,13,4,8,8,12,2113.585422,img_0119.png,img_0119_Front.png
30,3.3,5,20,3.15,1.06,0.74,0,0,0,0,0,0,19,6,15,17,11,21,11,5,4,10,5,5,5,2,4,1,5,4,12,15,10,2,14,4,1710.676458,img_0120.png,img_0120_Front.png
30,3.3,6,2,3.48,1.96,0.08,0,0,1,1,0,1,6,19,11,11,25,0,0,11,13,5,13,6,1,1,7,4,3,6,7,17,6,11,5,12,7.0961e+6,img_0121.png,img_0121_Front.png
30,4.3,3,1,0.36,2.14,0.45,0,0,1,1,0,0,20,7,7,3,10,22,3,9,10,4,13,4,0,5,7,1,0,4,11,8,18,3,6,12,424901.257832,img_0122.png,img_0122_Front.png
30,0.9,1,14,2.86,1.72,0.39,0,0,0,1,0,0,2,6,9,10,6,16,2,4,3,8,8,3,3,3,2,2,5,0,9,11,8,3,16,12,1883.08023,img_0123.png,img_0123_Front.png
30,4.6,6,16,1.56,2.32,0.56,1,0,1,0,1,0,24,7,7,8,1,4,12,13,4,9,13,10,1,7,3,6,2,1,14,13,0,14,15,6,2.2609e+6,img_0124.png,img_0124_Front.png
30,2.6,2,4,2.13,1.55,0.89,1,0,0,0,0,0,4,7,8,11,14,6,1,10,7,2,3,8,3,5,1,2,7,5,13,8,7,10,3,6,286443.997584,img_0125.png,img_0125_Front.png
30,3.2,1,16,0.84,1.38,0.27,0,0,1,0,0,0,6,15,21,7,19,20,8,5,8,2,3,11,7,4,4,1,3,4,12,18,17,4,3,6,1.097e+6,img_0126.png,img_0126_Front.png
30,0.3,2,12,1.04,1.43,0.74,1,0,0,1,1,0,22,10,5,16,23,0,2,11,8,5,8,0,1,5,4,0,7,0,7,16,3,4,3,4,4.4106e+6,img_0127.png,img_0127_Front.png
30,1.1,6,8,2.73,1.16,0.3,0,0,0,0,0,0,13,18,7,12,23,24,11,1,11,5,2,2,2,0,6,5,5,1,16,18,13,13,5,11,2194.261066,img_0128.png,img_0128_Front.png
30,0.8,2,22,2.01,1.40,0.07,0,0,0,1,0,0,1,8,13,9,11,3,3,1,1,9,10,1,4,1,3,6,1,1,6,7,15,6,9,14,153559.612872,img_0129.png,img_0129_Front.png
30,0.4,1,20,0.91,2.40,0.54,1,0,0,1,1,1,12,14,12,8,1,23,8,11,2,2,6,3,0,7,2,6,5,3,2,18,4,5,10,14,2.0687e+6,img_0130.png,img_0130_Front.png
30,2.1,3,20,0.95,1.87,0.35,0,0,0,0,0,1,20,12,5,10,9,7,1,5,8,5,5,2,3,4,5,6,4,5,6,4,4,17,8,6,137396.897713,img_0131.png,img_0131_Front.png
30,3.1,4,26,1.48,1.49,0.36,0,0,0,1,0,0,14,9,6,20,5,14,8,9,9,0,7,8,3,7,3,1,8,7,10,10,16,1,13,4,315759.921345,img_0132.png,img_0132_Front.png
30,0.1,3,14,1.12,1.92,0.29,0,1,0,0,0,1,5,21,9,19,25,16,12,1,8,10,1,2,6,4,5,7,1,5,10,13,7,0,16,9,5.0563e+6,img_0133.png,img_0133_Front.png
30,0.7,2,12,2.65,1.83,0.44,1,1,0,0,1,0,7,15,6,8,11,5,10,12,2,5,1,6,2,5,6,4,8,6,2,8,9,16,6,6,2.138e+6,img_0134.png,img_0134_Front.png
30,3.6,4,9,3.29,1.72,0.41,1,0,1,1,1,0,6,3,10,8,9,18,11,11,12,9,2,9,1,6,3,4,4,5,9,13,11,4,15,13,1.8133e+6,img_0135.png,img_0135_Front.png
30,0.1,1,3,1.19,0.51,0.79,0,1,0,1,1,0,6,9,8,5,24,5,8,13,4,13,3,9,4,7,4,8,5,4,8,16,0,9,14,4,3.0016e+6,img_0136.png,img_0136_Front.png
30,0.7,4,4,1.66,0.84,0.45,0,1,0,1,1,0,11,4,3,5,16,11,10,5,0,11,8,1,3,3,1,6,0,5,7,9,12,2,12,9,6.1751e+6,img_0137.png,img_0137_Front.png
30,2.4,3,15,2.93,1.00,0.19,1,0,1,0,0,0,6,22,2,13,24,21,9,0,10,4,2,6,2,3,5,4,6,0,13,16,16,13,6,2,395222.280442,img_0138.png,img_0138_Front.png
30,0.8,6,9,3.54,1.16,0.8,0,0,0,0,0,0,19,9,15,18,18,24,11,2,7,13,9,2,8,2,6,1,5,6,15,19,1,5,17,10,1636.274978,img_0139.png,img_0139_Front.png
30,4.2,2,15,0.75,1.43,0.75,1,0,0,1,1,0,19,15,16,19,12,13,0,11,11,6,0,5,0,2,3,7,6,5,4,5,16,1,12,11,2.4988e+6,img_0140.png,img_0140_Front.png
30,1.4,4,2,1.27,0.76,0.38,0,0,0,1,1,0,11,12,5,9,20,21,10,5,0,8,6,6,6,3,4,6,5,6,10,12,12,5,9,9,1.0228e+6,img_0141.png,img_0141_Front.png
30,2.7,3,22,1.82,2.37,0.96,0,0,0,1,0,1,2,23,6,4,22,19,2,6,9,4,6,3,3,4,5,6,5,5,14,7,0,4,4,4,2.0859e+6,img_0142.png,img_0142_Front.png
30,2.7,1,3,2.50,1.89,0.86,0,1,0,0,1,0,11,22,19,6,17,5,3,4,0,3,9,11,4,5,3,5,2,6,10,1,14,13,4,12,3.2593e+6,img_0143.png,img_0143_Front.png
30,4.3,4,17,1.69,1.27,0.47,0,0,0,0,0,0,16,12,25,9,5,12,4,13,8,1,12,10,6,5,6,0,2,1,7,14,17,13,10,12,1938.337953,img_0144.png,img_0144_Front.png
30,3.3,6,2,3.48,1.96,0.08,0,0,0,1,0,1,21,15,2,11,18,1,8,11,13,5,13,6,1,1,7,4,3,6,7,17,6,11,5,12,6.2794e+6,img_0145.png,img_0145_Front.png
30,3.3,5,3,3.47,1.86,0.13,0,0,1,1,0,0,17,13,2,9,16,4,8,11,12,5,10,7,1,1,6,3,4,5,6,16,7,11,6,11,7.4773e+6,img_0146.png,img_0146_Front.png
30,0.9,1,5,1.96,0.59,0.68,0,0,0,0,0,0,4,7,8,8,19,13,6,10,3,8,4,10,4,5,2,8,5,5,11,5,3,10,15,7,2959.855555,img_0147.png,img_0147_Front.png
30,2.7,3,22,0.89,2.07,0.13,0,0,0,1,0,1,8,9,16,21,22,8,4,6,9,4,6,3,3,4,3,0,3,1,17,18,8,17,2,17,1.6711e+6,img_0148.png,img_0148_Front.png
30,3.3,2,20,1.70,1.57,0.5,0,1,0,1,1,0,13,2,2,23,0,7,5,9,10,1,4,12,2,6,5,2,7,7,12,11,14,0,10,3,1.5388e+6,img_0149.png,img_0149_Front.png
30,0.6,2,18,2.15,1.93,0.3,0,1,0,0,0,1,7,18,5,18,18,6,8,4,9,10,1,7,5,6,6,5,5,3,4,8,5,9,14,8,1.1248e+6,img_0150.png,img_0150_Front.png
30,2.9,1,17,1.06,1.35,0.26,0,0,0,0,0,0,5,16,17,8,20,19,7,4,7,3,2,10,6,4,3,1,4,3,11,17,15,3,5,5,1985.333997,img_0151.png,img_0151_Front.png
30,2.7,3,22,1.39,2.14,0.47,0,0,0,1,0,1,5,11,13,14,22,15,3,6,9,4,6,3,3,4,4,2,3,2,15,14,6,12,3,7,1.8124e+6,img_0152.png,img_0152_Front.png
30,3.9,1,15,2.71,0.87,0.2,1,0,1,0,1,0,6,24,4,15,24,21,7,1,7,4,3,9,4,5,1,2,7,1,9,15,17,6,7,2,3.4454e+6,img_0153.png,img_0153_Front.png
30,3.0,2,19,1.13,2.04,0.24,0,0,0,0,0,0,10,10,17,19,19,9,3,6,8,4,5,4,3,3,3,0,3,1,16,17,7,15,3,16,2184.498071,img_0154.png,img_0154_Front.png
30,1.1,3,18,2.49,1.66,0.26,0,0,0,1,0,0,9,14,14,14,5,16,5,5,4,3,8,2,3,4,3,2,6,0,6,11,11,3,12,10,353684.664694,img_0155.png,img_0155_Front.png
30,2.6,2,4,2.13,1.55,0.89,1,0,0,0,0,0,21,18,24,12,11,15,0,10,7,2,3,8,3,5,1,2,7,5,13,8,7,9,3,6,271161.849288,img_0156.png,img_0156_Front.png
30,1.6,4,8,0.43,1.98,0.46,0,0,0,1,1,1,14,7,5,13,13,18,0,5,4,8,3,10,2,5,5,4,6,4,6,8,9,9,5,6,1.0627e+6,img_0157.png,img_0157_Front.png
30,1.2,2,12,2.17,1.97,0.43,0,0,0,1,0,0,11,6,7,11,8,16,1,4,3,8,6,4,2,5,3,4,4,2,7,8,7,7,10,9,264221.14146,img_0158.png,img_0158_Front.png
30,2.6,2,8,1.22,2.10,0.04,0,1,0,1,1,1,11,10,6,20,5,14,8,5,0,2,10,11,1,8,5,1,7,6,9,7,13,2,1,13,6.0836e+6,img_0159.png,img_0159_Front.png
30,0.7,3,4,1.72,0.79,0.49,0,0,0,0,0,0,9,4,4,5,16,11,9,6,0,10,7,2,3,3,1,6,1,5,7,8,10,3,12,8,2081.654667,img_0160.png,img_0160_Front.png
30,2.0,4,6,3.52,1.67,0.28,0,0,0,0,0,0,19,12,12,14,12,16,9,4,10,11,10,4,7,2,5,2,3,4,12,15,2,10,12,6,2824.576962,img_0161.png,img_0161_Front.png
30,1.9,1,22,0.89,1.95,0.4,0,0,0,0,0,0,10,6,4,22,13,23,0,3,7,9,2,10,4,6,3,2,8,1,10,13,11,1,13,2,2097.953685,img_0162.png,img_0162_Front.png
30,0.7,4,5,2.03,0.90,0.52,0,0,0,0,0,0,12,5,5,7,16,13,10,4,1,11,8,1,4,2,2,5,1,5,8,11,9,2,13,9,3724.041744,img_0163.png,img_0163_Front.png
30,3.2,2,4,2.09,1.72,0.77,0,0,0,0,0,0,11,11,17,11,12,10,0,8,4,2,3,9,3,3,1,1,4,2,13,9,4,8,4,7,2082.596573,img_0164.png,img_0164_Front.png
30,4.3,3,12,3.80,0.67,0.68,0,0,0,0,0,0,16,19,9,23,15,8,4,5,8,4,7,6,5,7,3,7,1,7,12,2,3,3,7,3,5139.598757,img_0165.png,img_0165_Front.png
30,4.1,3,1,0.99,2.08,0.38,0,0,1,0,0,0,19,8,7,5,10,19,3,9,10,4,13,5,0,4,6,1,0,3,11,8,15,5,5,10,56449.829018,img_0166.png,img_0166_Front.png
30,2.9,1,14,2.26,2.01,0.32,0,0,0,0,0,0,15,12,19,9,6,15,1,5,2,6,5,5,4,1,2,2,4,1,12,10,2,6,10,13,1877.062452,img_0167.png,img_0167_Front.png
30,4.6,2,6,2.04,1.55,0.89,0,1,0,0,1,0,4,7,8,11,14,6,1,7,3,4,4,10,3,1,4,1,4,2,14,11,1,8,9,13,938749.190919,img_0168.png,img_0168_Front.png
30,3.2,3,5,3.21,1.74,0.23,0,0,0,0,0,0,19,12,7,14,12,7,6,9,12,7,12,10,4,3,4,4,3,3,11,13,3,11,5,6,1966.461999,img_0169.png,img_0169_Front.png
30,3.0,2,6,2.78,1.35,0.72,0,0,0,0,0,0,12,13,8,18,14,7,3,8,7,3,3,6,3,6,1,3,4,5,12,6,5,5,5,3,1574.218854,img_0170.png,img_0170_Front.png
30,4.6,2,7,2.11,1.93,0.69,0,0,0,0,0,0,21,18,24,12,11,16,0,9,4,4,5,10,4,2,5,2,3,1,13,13,4,8,8,12,2113.585422,img_0171.png,img_0171_Front.png
30,4.2,2,11,3.46,0.92,0.68,0,0,0,0,0,0,17,18,12,20,14,9,3,5,7,4,6,6,4,6,3,6,1,5,12,4,3,4,7,4,2681.994492,img_0172.png,img_0172_Front.png
30,1.5,5,15,3.43,1.12,0.78,0,0,0,0,0,0,19,7,15,17,15,21,11,3,5,11,6,4,6,2,4,1,5,5,13,15,8,3,14,7,1339.688609,img_0173.png,img_0173_Front.png
30,1.2,4,15,2.73,1.16,0.3,0,0,0,0,0,0,13,18,7,12,23,24,11,6,8,11,12,10,4,0,6,5,5,1,16,18,13,13,5,11,2081.020997,img_0174.png,img_0174_Front.png
30,1.9,3,19,1.16,1.74,0.41,0,0,0,0,0,0,20,10,4,12,11,7,3,5,8,6,6,3,3,3,4,5,4,4,6,6,3,14,7,7,2377.13498,img_0175.png,img_0175_Front.png
30,4.1,4,15,2.84,1.49,0.71,0,0,0,0,0,0,19,14,20,14,11,18,7,6,4,5,5,6,4,2,4,1,4,2,12,14,6,4,12,7,2340.37067,img_0176.png,img_0176_Front.png
30,1.1,6,8,3.15,1.06,0.74,0,0,0,0,0,0,19,6,15,17,11,21,11,1,11,5,2,2,2,0,6,5,5,1,12,15,10,2,14,4,1614.822442,img_0177.png,img_0177_Front.png
30,1.7,2,26,3.45,1.28,0.2,0,0,0,0,0,0,1,18,18,2,7,10,3,6,0,5,6,1,4,4,4,5,4,3,2,10,11,10,13,7,1583.0475,img_0178.png,img_0178_Front.png
30,3.2,5,10,3.62,1.05,0.71,0,0,0,0,0,0,18,14,11,21,15,19,7,2,7,7,8,3,6,5,4,4,2,6,13,12,2,4,11,6,1226.161668,img_0179.png,img_0179_Front.png
30,0.5,5,6,3.19,1.62,0.41,0,0,0,0,0,1,4,19,9,23,15,8,11,3,5,5,6,3,4,2,4,5,5,1,14,6,2,16,1,7,192802.695739,img_0180.png,img_0180_Front.png
30,1.3,1,11,0.93,0.81,0.47,0,0,0,0,0,0,5,12,2,8,17,14,5,11,3,12,5,8,5,5,3,5,4,3,6,15,7,8,12,1,2251.8148,img_0181.png,img_0181_Front.png
30,1.4,4,24,1.96,1.12,0.72,0,0,0,0,0,0,16,5,5,22,20,11,11,6,7,9,7,12,5,1,3,1,4,4,6,13,5,9,4,8,1759.61937,img_0182.png,img_0182_Front.png
30,1.1,6,8,3.48,1.96,0.08,0,0,0,0,0,0,6,19,11,11,25,0,0,1,11,5,2,2,2,0,7,3,3,6,7,17,6,11,5,12,2638.462005,img_0183.png,img_0183_Front.png
30,3.0,2,19,1.13,2.04,0.24,0,0,0,0,0,0,10,10,17,19,19,9,3,6,8,4,5,4,3,3,3,0,3,1,16,17,7,14,3,16,2184.498071,img_0184.png,img_0184_Front.png
30,1.0,3,14,1.6,1.34,0.25,0,0,0,0,0,0,5,21,6,14,24,19,10,0,9,5,1,4,4,3,5,4,3,2,11,13,9,6,11,5,2095.728285,img_0185.png,img_0185_Front.png
30,3.9,1,15,2.71,0.87,0.2,0,0,0,1,0,0,6,24,4,15,24,19,7,6,7,4,3,9,4,5,1,2,7,1,9,15,17,6,7,2,2804.903236,img_0186.png,img_0186_Front.png
30,2.7,2,14,1.21,1.33,0.27,0,0,0,0,0,0,7,15,18,8,19,20,8,4,8,2,2,9,6,3,4,1,3,3,12,18,16,5,3,7,1763.517012,img_0187.png,img_0187_Front.png
30,0.8,3,16,1.14,1.70,0.25,0,0,0,0,0,0,9,19,12,17,20,17,10,3,7,6,5,0,5,5,4,3,4,3,8,12,10,0,13,7,2446.137761,img_0188.png,img_0188_Front.png
30,4.2,1,10,0.30,2.05,0.48,1,0,0,1,1,0,16,7,5,12,13,17,0,11,11,6,0,5,2,6,5,5,6,4,6,8,7,10,4,7,1.0343e+6,img_0189.png,img_0189_Front.png
30,3.5,2,10,3.43,0.65,0.68,0,0,0,0,0,0,13,16,8,20,15,9,4,6,7,4,6,6,4,6,2,7,1,6,11,2,3,4,8,3,1893.550111,img_0190.png,img_0190_Front.png
30,1.1,5,10,2.54,1.18,0.4,0,0,0,0,0,0,14,13,4,15,20,11,11,4,9,7,5,4,3,0,5,5,6,1,13,18,7,7,5,11,1700.228463,img_0191.png,img_0191_Front.png
30,1.7,4,3,0.97,1.71,0.39,0,0,0,1,1,1,9,8,5,20,15,23,2,5,4,10,3,10,4,5,6,4,6,4,7,10,17,8,10,3,704775.278956,img_0192.png,img_0192_Front.png
30,1.7,3,22,1.49,1.62,0.18,0,0,0,1,0,0,10,14,17,15,5,17,8,5,6,3,8,0,3,5,3,2,7,2,6,11,12,3,11,5,504309.415489,img_0193.png,img_0193_Front.png
30,1.9,2,9,0.92,1.03,0.3,0,0,0,0,0,0,8,13,13,7,19,20,9,5,1,4,4,8,6,3,4,2,3,5,10,14,13,4,5,7,1743.083768,img_0194.png,img_0194_Front.png
30,1.6,4,10,2.13,1.55,0.89,0,0,0,1,1,1,4,7,8,11,14,6,1,5,5,8,3,10,2,6,1,2,7,5,13,8,7,10,3,6,958761.062498,img_0195.png,img_0195_Front.png
30,1.6,4,8,0.43,1.98,0.46,0,0,0,1,1,1,14,7,5,13,13,18,0,5,4,7,3,10,2,5,5,4,6,4,6,8,9,9,5,6,1.0048e+6,img_0196.png,img_0196_Front.png
30,0.8,6,8,3.26,1.16,0.6,0,0,0,0,0,0,17,14,9,16,19,24,11,1,8,9,5,2,3,1,6,3,5,3,15,18,9,8,13,10,1825.948074,img_0197.png,img_0197_Front.png
30,2.9,1,15,2.11,1.38,0.27,0,0,0,0,1,0,6,15,21,7,19,20,8,3,1,8,7,12,6,1,6,6,7,6,17,8,13,3,13,12,1.2392e+6,img_0198.png,img_0198_Front.png
30,4.0,2,16,0.94,1.45,0.7,0,0,0,1,1,0,17,12,13,19,9,11,1,10,10,5,0,6,0,2,3,6,6,5,5,6,15,0,11,9,1.4132e+7,img_0199.png,img_0199_Front.png
30,3.4,1,7,2.45,1.22,0.46,1,0,0,0,0,0,5,17,5,12,18,13,3,4,7,2,3,8,3,5,1,2,7,3,12,13,13,7,6,3,349750.69073,img_0200.png,img_0200_Front.png
30,1.7,4,6,3.52,1.56,0.38,0,0,0,0,0,0,19,11,12,14,13,17,9,3,9,11,9,3,7,2,5,1,3,4,12,15,1,9,13,6,2815.861919,img_0201.png,img_0201_Front.png
30,0.8,6,8,3.36,1.16,0.69,0,0,0,0,0,0,17,12,13,16,18,24,11,1,7,11,6,2,4,1,6,1,5,4,15,18,3,5,16,10,1846.124672,img_0202.png,img_0202_Front.png
30,1.4,4,24,2.54,1.18,0.4,0,0,0,0,0,0,14,13,4,15,20,11,11,6,7,9,7,12,5,1,3,1,4,4,6,13,7,7,5,11,1840.135555,img_0203.png,img_0203_Front.png
30,1.5,3,8,0.77,1.97,0.45,0,0,0,1,0,0,13,6,5,12,12,17,0,4,3,7,3,8,2,5,4,4,5,3,6,8,8,8,6,6,486144.854422,img_0204.png,img_0204_Front.png
30,1.9,2,14,1.18,1.59,0.25,0,0,0,0,0,0,8,15,14,11,19,18,8,3,7,4,3,6,5,3,4,1,3,3,10,13,13,3,10,7,1974.228622,img_0205.png,img_0205_Front.png
30,2.9,1,14,2.26,2.01,0.69,0,0,0,0,0,0,21,18,24,12,11,16,0,5,2,6,5,5,4,1,2,2,4,1,12,10,2,6,10,13,1694.731795,img_0206.png,img_0206_Front.png
30,1.5,3,8,0.77,1.97,0.45,0,0,0,1,0,0,13,6,5,12,12,17,0,4,3,7,3,8,2,5,4,4,5,3,6,7,8,8,6,6,486144.854422,img_0207.png,img_0207_Front.png
30,1.3,2,4,2.20,1.08,0.62,0,0,0,0,0,0,10,6,5,8,14,8,7,7,2,7,5,4,3,4,1,5,1,5,10,7,7,4,7,4,2376.089113,img_0208.png,img_0208_Front.png
30,0.8,3,16,3.54,1.16,0.8,0,0,0,0,0,0,19,9,15,18,18,24,11,3,7,6,5,0,8,2,6,1,5,6,15,19,1,5,17,10,2057.444157,img_0209.png,img_0209_Front.png
30,1.1,2,15,1.15,1.62,0.25,0,0,0,0,0,0,8,18,13,15,19,17,9,3,7,5,4,1,5,4,4,2,3,3,8,13,11,1,11,7,2020.159258,img_0210.png,img_0210_Front.png
30,3.2,1,9,2.22,1.96,0.4,0,0,0,0,0,0,18,15,22,10,8,15,0,6,2,5,5,7,4,1,3,2,3,1,12,11,3,6,9,12,1903.975178,img_0211.png,img_0211_Front.png
30,1.9,2,9,0.92,1.03,0.3,0,0,0,0,0,0,8,13,17,15,5,17,9,5,1,4,4,8,6,3,4,2,3,5,10,14,13,4,5,7,1743.083768,img_0212.png,img_0212_Front.png
30,0.9,3,12,1.62,1.23,0.29,0,0,0,0,0,0,5,17,5,12,22,17,9,1,7,6,2,3,3,3,4,4,2,2,10,12,9,5,11,5,2012.597691,img_0213.png,img_0213_Front.png
30,2.6,2,5,2.38,1.46,0.79,0,0,0,0,0,0,16,14,18,14,11,10,2,8,7,2,3,6,3,5,1,2,5,5,12,6,5,7,4,5,1620.432713,img_0214.png,img_0214_Front.png
30,2.9,1,17,1.14,1.70,0.25,0,0,0,0,0,0,9,19,12,17,19,17,10,4,7,3,2,10,6,4,3,1,4,3,8,12,10,0,13,7,1983.265972,img_0215.png,img_0215_Front.png
30,1.3,4,21,2.07,1.13,0.65,0,0,0,0,0,0,15,6,4,20,20,11,11,5,7,8,6,10,4,0,3,1,4,3,7,14,5,8,4,8,1591.85947,img_0216.png,img_0216_Front.png
30,3.7,3,10,3.12,1.54,0.56,0,0,0,0,0,0,19,13,10,14,11,9,6,7,7,5,7,8,4,2,4,2,3,2,11,13,4,7,6,6,3280.51434,img_0217.png,img_0217_Front.png
30,2.9,1,14,2.26,2.01,0.32,0,0,0,0,0,0,15,12,19,9,6,10,1,5,2,6,5,5,4,1,2,2,4,1,12,10,2,6,10,13,1877.062452,img_0218.png,img_0218_Front.png
30,1.2,5,8,3.33,1.13,0.62,0,0,0,0,0,0,17,14,9,17,18,23,10,1,7,8,5,2,3,1,5,3,4,3,14,16,7,7,12,9,1794.587414,img_0219.png,img_0219_Front.png
30,2.1,1,17,2.91,1.50,0.26,0,0,0,0,0,0,4,16,18,5,6,13,1,5,0,5,5,3,4,2,2,3,4,1,8,10,7,7,12,9,1888.53573,img_0220.png,img_0220_Front.png
30,1.1,5,10,2.54,1.18,0.4,0,0,0,0,0,1,14,13,4,15,20,11,11,3,5,5,6,3,3,0,5,5,6,1,13,18,7,7,5,11,192072.252465,img_0221.png,img_0221_Front.png
30,3.4,4,13,2.92,1.42,0.68,0,0,0,0,0,0,18,14,17,14,12,19,7,5,4,5,5,5,3,1,4,1,4,2,12,14,6,4,12,6,2004.58354,img_0222.png,img_0222_Front.png
30,3.2,1,14,2.27,1.13,0.24,0,0,0,0,0,0,6,18,12,9,22,19,7,4,7,3,2,9,5,3,2,1,6,1,10,15,16,5,4,5,2262.416783,img_0223.png,img_0223_Front.png
30,1.1,3,18,3.15,1.06,0.74,0,0,0,1,0,0,19,6,15,17,11,21,11,5,4,3,8,2,3,4,3,5,5,1,12,15,10,2,14,4,575353.213189,img_0224.png,img_0224_Front.png
30,1.3,2,14,1.52,1.33,0.25,0,0,0,0,0,0,5,18,8,12,23,19,9,0,8,4,1,5,4,3,4,3,3,2,11,14,10,5,9,5,1613.269535,img_0225.png,img_0225_Front.png
30,3.3,2,10,3.48,0.76,0.68,0,0,0,0,0,0,14,15,10,20,15,15,5,4,7,4,6,3,4,5,2,5,1,6,12,5,2,4,8,4,1809.961983,img_0226.png,img_0226_Front.png
30,4.6,2,7,1.13,2.04,0.24,0,0,0,0,0,0,10,10,17,19,19,9,3,9,4,4,5,10,4,2,5,2,3,1,13,13,4,8,8,12,1988.399948,img_0227.png,img_0227_Front.png
30,1.2,3,18,2.22,1.67,0.29,0,0,0,0,0,0,11,13,12,13,6,14,4,5,4,3,7,2,3,3,3,2,5,0,6,10,9,5,11,9,1999.756759,img_0228.png,img_0228_Front.png
30,1.5,3,10,2.11,1.44,0.4,0,0,0,0,0,0,11,8,16,15,6,18,9,3,8,3,5,0,2,2,3,3,6,1,9,12,10,2,13,4,1647.759721,img_0229.png,img_0229_Front.png
30,3.0,2,6,2.09,1.72,0.77,0,0,0,0,0,0,11,11,17,11,12,10,0,8,7,3,3,6,3,6,1,3,4,2,13,9,4,8,4,7,1544.173215,img_0230.png,img_0230_Front.png
30,3.8,3,13,2.82,1.46,0.71,0,0,0,0,0,0,17,13,17,14,11,15,6,6,4,4,4,6,3,2,3,1,4,2,12,12,5,4,10,6,4595.008844,img_0231.png,img_0231_Front.png
30,0.9,6,8,3.43,1.08,0.76,0,0,0,0,0,0,19,7,15,17,13,22,11,1,8,7,6,2,3,1,6,4,5,4,12,17,7,3,14,6,1611.141843,img_0232.png,img_0232_Front.png
30,0.8,3,16,0.97,1.71,0.39,0,0,0,0,0,0,9,8,5,20,15,23,2,3,7,6,5,0,5,5,4,3,4,3,7,10,17,8,10,3,2372.207364,img_0233.png,img_0233_Front.png
30,1.5,5,8,3.50,1.77,0.2,0,0,0,0,0,0,8,18,11,13,23,3,1,1,10,5,3,2,2,1,6,3,2,6,8,16,5,9,6,10,2205.879996,img_0234.png,img_0234_Front.png
30,4.6,2,6,2.08,1.81,0.77,0,0,0,0,0,0,16,11,11,11,13,8,0,8,3,4,4,10,3,1,4,1,3,1,13,12,2,8,8,12,1981.025981,img_0235.png,img_0235_Front.png
30,4.3,3,12,3.80,0.67,0.68,1,0,0,0,0,0,16,19,9,23,15,8,4,10,7,2,7,6,5,7,3,7,1,7,12,2,3,3,7,3,731064.731359,img_0236.png,img_0236_Front.png
30,1.7,3,17,2.56,1.62,0.35,0,0,0,0,0,0,11,14,15,14,6,16,5,5,4,3,7,2,3,3,3,1,5,0,7,11,10,3,12,9,2110.397792,img_0237.png,img_0237_Front.png
30,1.4,2,21,2.96,1.46,0.21,0,0,0,0,0,0,7,15,16,6,5,13,3,5,2,4,7,1,3,4,3,3,5,0,4,10,11,5,12,8,1561.957657,img_0238.png,img_0238_Front.png
30,1.3,1,11,0.93,0.81,0.47,0,0,0,0,0,0,5,12,2,8,17,14,5,5,1,4,5,8,5,5,3,5,4,3,6,15,7,8,12,1,2251.8148,img_0239.png,img_0239_Front.png
30,2.4,3,19,1.19,2.10,0.46,0,0,0,1,0,1,6,10,11,13,20,15,2,5,8,4,5,4,2,4,4,2,3,2,13,12,6,11,3,6,1.4955e+6,img_0240.png,img_0240_Front.png
30,3.2,3,12,2.31,1.38,0.6,0,0,0,0,0,0,11,13,16,11,17,19,8,5,2,4,4,6,4,2,4,1,3,4,10,14,10,4,9,7,2645.617106,img_0241.png,img_0241_Front.png
30,4.6,2,6,2.04,1.55,0.89,0,0,0,0,1,0,4,7,8,11,14,6,1,7,3,4,4,10,3,1,4,1,4,2,14,11,1,8,9,13,219169.667413,img_0242.png,img_0242_Front.png
30,0.9,4,5,2.32,1.05,0.47,0,0,0,0,0,0,13,6,6,8,15,13,9,4,2,11,8,1,4,2,2,4,1,4,8,11,7,3,12,8,3187.058733,img_0243.png,img_0243_Front.png
30,3.7,3,18,2.21,1.96,0.64,0,0,0,0,0,0,10,12,15,14,17,16,5,6,5,4,5,4,3,3,4,1,3,2,13,14,6,9,9,7,5707.406988,img_0244.png,img_0244_Front.png
30,1.0,3,14,1.6,1.34,0.25,0,0,0,0,0,0,5,21,6,14,24,19,10,1,11,5,2,2,4,3,5,4,3,2,11,13,9,6,11,5,2095.728285,img_0245.png,img_0245_Front.png
30,1.0,2,14,1.09,1.56,0.26,0,0,0,0,0,0,9,17,12,15,19,17,9,3,5,5,4,1,5,4,4,2,3,3,8,12,10,0,11,7,1997.074866,img_0246.png,img_0246_Front.png
30,2.7,1,5,2.31,1.41,0.7,1,0,0,0,0,0,10,17,10,12,14,13,1,6,7,2,3,8,3,5,1,2,7,3,12,9,10,8,3,5,286300.24758,img_0247.png,img_0247_Front.png
30,1.9,3,19,1.16,1.70,0.25,0,0,0,0,0,0,9,19,12,17,20,17,10,5,8,6,6,3,3,3,4,5,4,4,6,6,3,14,7,7,2320.565363,img_0248.png,img_0248_Front.png
30,4.1,2,11,3.72,0.66,0.68,0,0,0,0,0,0,15,18,8,22,15,8,4,5,7,4,6,6,4,6,2,7,1,6,11,2,3,3,7,3,2724.641874,img_0249.png,img_0249_Front.png
30,1.5,1,17,0.90,1.23,0.44,0,0,0,0,0,0,8,10,2,15,13,17,1,5,4,11,2,8,4,5,3,4,6,2,8,13,10,6,12,1,2016.186836,img_0250.png,img_0250_Front.png
30,1.4,1,16,1.02,1.25,0.4,0,0,0,0,0,0,7,11,3,14,15,17,2,4,4,9,1,7,4,4,3,3,5,2,8,13,10,5,11,1,1963.12481,img_0251.png,img_0251_Front.png
30,2.4,4,12,3.26,1.21,0.6,0,0,0,0,0,0,19,8,13,14,13,15,9,4,6,7,6,6,5,2,4,1,4,3,12,14,5,4,8,6,1838.664982,img_0252.png,img_0252_Front.png
30,0.8,6,8,3.36,1.16,0.69,0,0,0,0,0,0,17,12,13,16,18,25,11,1,7,11,6,2,4,1,6,1,5,4,15,18,3,5,16,10,1846.124672,img_0253.png,img_0253_Front.png
30,1.9,2,13,1.12,1.47,0.26,0,0,0,0,0,0,8,14,14,11,16,17,8,3,5,4,3,6,5,3,4,1,3,3,10,13,13,3,9,7,1939.882002,img_0254.png,img_0254_Front.png
30,1.3,2,11,1.86,1.49,0.35,0,0,0,0,0,0,8,15,14,15,9,17,9,3,7,4,4,0,2,3,3,2,3,1,8,12,10,1,11,4,1795.953243,img_0255.png,img_0255_Front.png
30,1.4,2,21,2.96,1.46,0.21,0,0,0,0,0,0,15,12,19,9,6,10,1,5,2,4,7,1,3,4,3,3,5,0,4,10,11,5,12,8,1561.957657,img_0256.png,img_0256_Front.png
30,3.2,2,10,3.50,0.81,0.68,0,0,0,0,0,0,14,14,10,20,15,15,5,3,7,4,6,3,4,5,2,4,1,6,12,6,2,4,8,4,1787.526634,img_0257.png,img_0257_Front.png
30,0.9,3,16,3.31,1.08,0.76,0,0,0,0,0,0,19,8,15,17,14,23,11,4,6,3,6,1,5,3,4,3,5,2,13,17,2,4,14,5,2025.515747,img_0258.png,img_0258_Front.png
30,1.9,2,14,1.52,1.33,0.25,0,0,0,0,0,0,5,18,8,12,23,19,9,3,7,4,3,6,5,3,4,1,3,2,11,14,10,5,9,5,1989.092764,img_0259.png,img_0259_Front.png
30,1.4,2,10,1.99,1.41,0.37,0,0,0,0,0,0,9,10,14,14,9,18,9,2,8,3,4,1,2,2,3,3,5,1,9,12,10,2,12,4,1796.401398,img_0260.png,img_0260_Front.png
30,2.6,1,15,1.64,1.15,0.28,0,0,0,0,0,0,6,13,5,12,15,17,4,4,4,7,2,8,4,4,2,2,6,1,8,14,12,5,9,3,1828.517668,img_0261.png,img_0261_Front.png
30,3.7,3,10,3.12,1.54,0.56,0,0,0,0,0,0,19,13,10,11,12,10,6,7,7,5,7,8,4,2,4,2,3,2,11,13,4,7,6,6,3280.51434,img_0262.png,img_0262_Front.png
30,3.3,3,11,3.00,1.55,0.51,0,0,0,0,0,0,17,13,11,14,10,10,5,6,6,4,7,6,3,2,3,1,3,1,10,12,5,6,7,6,2428.739461,img_0263.png,img_0263_Front.png
30,1.6,2,15,1.23,1.59,0.25,0,0,0,0,0,0,6,18,9,14,21,18,9,3,8,5,2,3,3,3,4,4,3,3,7,11,4,8,7,6,1797.25211,img_0264.png,img_0264_Front.png
30,3.8,3,13,2.26,2.01,0.69,0,0,0,0,0,0,21,18,24,12,11,16,0,6,4,4,4,6,3,2,3,1,4,2,12,12,2,6,10,13,4450.580602,img_0265.png,img_0265_Front.png
30,3.4,2,12,2.44,1.37,0.62,0,0,0,0,0,0,15,13,17,14,9,15,6,5,3,4,4,6,3,2,3,1,3,2,11,12,6,4,9,6,1686.866421,img_0266.png,img_0266_Front.png
30,1.6,3,18,1.79,1.46,0.33,0,0,0,0,0,0,10,13,7,13,19,15,9,3,7,6,4,8,5,1,3,1,3,3,8,13,10,4,6,9,2200.630854,img_0267.png,img_0267_Front.png
30,1.1,2,15,1.15,1.62,0.25,0,0,0,0,0,0,8,18,13,15,19,13,9,3,7,5,4,1,5,4,4,2,3,3,8,13,11,1,11,7,2020.159258,img_0268.png,img_0268_Front.png
30,1.0,2,15,1.46,1.54,0.25,0,0,0,0,0,0,8,16,12,13,16,16,7,3,4,4,4,1,4,4,3,2,3,2,7,11,10,1,11,7,2012.140156,img_0269.png,img_0269_Front.png
30,1.9,2,6,1.76,1.91,0.68,0,0,0,0,0,0,12,9,11,11,12,13,0,6,4,4,3,6,2,5,3,3,4,2,10,8,5,8,5,6,1764.432342,img_0270.png,img_0270_Front.png
30,2.6,2,5,2.09,1.72,0.77,0,0,0,0,0,0,11,11,17,11,12,10,0,8,7,2,3,6,3,5,1,2,5,5,12,6,4,8,4,7,1829.088283,img_0271.png,img_0271_Front.png
30,1.4,2,5,1.94,1.07,0.55,0,0,0,0,0,0,9,7,7,9,12,9,7,6,1,6,4,4,3,3,1,4,1,5,10,8,8,4,6,4,1961.193316,img_0272.png,img_0272_Front.png
30,1.0,5,8,3.39,1.09,0.68,0,0,0,0,0,0,17,11,10,17,14,22,10,1,7,7,5,2,3,1,5,3,4,3,13,16,7,4,12,7,1791.832827,img_0273.png,img_0273_Front.png
30,2.9,1,14,2.26,1.72,0.77,0,0,0,0,0,0,11,11,17,11,12,10,0,5,2,6,5,5,4,1,2,2,4,1,12,10,2,6,10,13,1732.051869,img_0274.png,img_0274_Front.png
30,1.8,2,7,1.03,1.92,0.51,0,0,0,0,0,0,12,7,7,11,12,15,0,4,3,6,3,7,2,5,3,3,4,2,7,8,7,8,5,6,1817.928192,img_0275.png,img_0275_Front.png
30,2.6,1,5,2.32,1.44,0.76,0,0,0,0,0,0,12,16,14,12,13,11,1,6,7,2,3,6,3,5,1,2,5,4,12,7,6,7,3,5,2045.882029,img_0276.png,img_0276_Front.png
30,1.7,3,17,2.11,1.44,0.4,0,0,0,0,0,0,11,8,16,15,6,18,9,5,4,3,7,2,3,3,3,1,6,1,9,12,10,2,13,4,2104.985543,img_0277.png,img_0277_Front.png
30,3.2,3,11,3.18,1.45,0.6,0,0,0,0,0,0,19,11,11,14,11,11,7,6,6,6,6,7,4,2,4,1,3,2,11,13,4,6,7,6,2486.941456,img_0278.png,img_0278_Front.png
30,1.0,5,15,2.56,1.11,0.72,0,0,0,0,0,0,17,6,7,18,14,16,11,2,7,7,6,5,3,0,4,2,4,3,8,14,6,5,9,6,1441.947066,img_0279.png,img_0279_Front.png
30,0.9,6,8,3.43,1.08,0.76,0,0,0,0,0,0,19,7,15,17,6,18,11,1,8,7,6,2,3,1,6,4,5,4,12,17,7,3,14,6,1611.141843,img_0280.png,img_0280_Front.png
30,2.7,2,12,2.06,1.41,0.53,0,0,0,0,0,0,10,13,15,11,17,18,8,4,2,4,4,5,4,2,4,1,3,3,9,13,10,3,9,7,1758.651929,img_0281.png,img_0281_Front.png
30,2.4,4,9,2.72,1.25,0.65,0,0,0,0,0,0,14,12,14,14,17,21,9,2,4,6,5,3,4,1,4,1,3,4,11,16,6,4,12,9,1859.898912,img_0282.png,img_0282_Front.png
30,3.0,3,12,2.31,1.38,0.6,0,0,0,0,0,0,11,13,16,11,19,17,8,5,2,4,4,6,4,2,4,1,3,4,10,14,10,4,9,7,2554.381688,img_0283.png,img_0283_Front.png
30,3.9,2,11,3.56,0.81,0.68,0,0,0,0,0,0,15,17,9,20,14,10,4,5,5,4,5,5,3,5,2,5,1,5,11,4,3,3,8,3,2606.73761,img_0284.png,img_0284_Front.png
30,2.8,2,7,3.14,0.91,0.63,0,0,0,0,0,0,12,8,6,12,14,10,6,4,3,4,5,3,3,4,1,5,1,5,11,5,3,4,7,4,1432.184331,img_0285.png,img_0285_Front.png
30,3.0,2,6,2.26,2.01,0.69,0,0,0,0,0,0,21,18,24,12,11,16,0,8,7,3,3,6,3,6,1,3,4,2,13,9,4,8,4,7,1667.72084,img_0286.png,img_0286_Front.png
30,3.6,2,9,2.94,1.62,0.52,0,0,0,0,0,0,17,13,12,13,10,10,4,6,6,5,6,7,4,1,3,2,3,1,11,12,3,6,6,7,1685.751767,img_0287.png,img_0287_Front.png
30,1.1,3,4,2.29,1.06,0.51,0,0,0,0,0,0,11,6,5,8,14,10,8,4,2,8,6,1,3,2,1,4,1,4,8,8,7,3,10,6,1870.877918,img_0288.png,img_0288_Front.png
30,0.8,3,16,3.54,1.16,0.8,0,0,0,0,0,0,19,12,13,16,18,24,11,3,7,6,5,0,8,2,6,1,5,6,15,19,1,5,17,10,2057.444157,img_0289.png,img_0289_Front.png
30,2.5,1,7,2.36,1.45,0.63,0,0,0,0,0,0,10,16,11,12,12,13,1,5,6,2,3,6,3,4,1,1,6,2,11,9,10,7,4,5,1910.59562,img_0290.png,img_0290_Front.png
30,4.1,2,9,2.12,1.49,0.68,0,0,0,0,0,0,6,11,9,11,15,15,3,5,2,4,4,8,3,1,4,1,3,2,11,12,8,6,9,9,2291.262566,img_0291.png,img_0291_Front.png
30,0.8,3,16,1.16,1.70,0.25,0,0,0,0,0,0,9,19,12,17,20,17,10,3,7,6,5,0,5,5,4,5,4,4,6,6,3,14,7,7,2446.961896,img_0292.png,img_0292_Front.png
30,2.8,1,6,2.41,1.42,0.7,0,0,0,0,0,0,11,16,11,12,13,13,2,6,6,2,3,7,3,4,1,1,6,2,12,9,9,7,4,5,2147.914325,img_0293.png,img_0293_Front.png
30,2.5,4,8,3.54,1.22,0.48,0,0,0,0,0,0,18,13,11,18,14,18,8,2,7,8,8,3,6,3,4,2,2,4,12,14,1,6,11,6,2183.493631,img_0294.png,img_0294_Front.png
30,3.4,4,13,2.91,1.50,0.26,0,0,0,0,0,0,4,16,18,5,6,13,1,5,4,5,5,5,3,1,4,1,4,1,8,10,7,7,12,9,2141.221709,img_0295.png,img_0295_Front.png
30,1.6,2,17,2.64,1.58,0.32,0,0,0,0,0,0,10,14,15,12,5,15,4,4,3,3,7,1,3,3,3,1,5,0,6,10,10,3,12,8,1385.972296,img_0296.png,img_0296_Front.png
30,1.0,4,6,3.12,1.07,0.56,0,0,0,0,0,0,13,10,6,11,15,18,9,1,4,8,6,1,3,1,3,3,2,3,9,13,7,3,12,8,2908.338881,img_0297.png,img_0297_Front.png
30,1.5,1,17,2.20,1.08,0.62,0,0,0,0,0,0,10,6,5,8,14,8,7,5,4,11,2,8,4,5,3,4,1,5,10,7,7,4,7,4,1838.212398,img_0298.png,img_0298_Front.png
30,2.8,3,11,2.27,1.39,0.56,0,0,0,0,0,0,11,12,16,11,14,18,8,4,3,3,4,4,3,2,3,1,3,3,9,13,10,3,9,6,2299.464577,img_0299.png,img_0299_Front.png
30,1.1,3,15,2.01,1.57,0.27,0,0,0,0,0,0,7,16,10,13,11,15,7,2,6,3,3,2,3,3,3,2,4,0,8,11,9,5,11,6,2002.319838,img_0300.png,img_0300_Front.png
30,2.1,4,11,3.28,1.18,0.61,0,0,0,0,0,0,18,10,12,14,13,16,9,3,6,7,5,5,4,1,4,1,4,3,12,14,5,4,8,6,1768.739576,img_0301.png,img_0301_Front.png
30,1.7,2,5,1.90,1.63,0.63,0,0,0,0,0,0,11,7,9,10,12,10,2,6,3,4,3,5,2,3,1,3,3,3,10,8,6,5,5,5,1717.159066,img_0302.png,img_0302_Front.png
30,4.1,2,9,2.12,1.49,0.68,0,0,0,0,0,0,6,11,9,10,15,15,3,5,2,4,4,8,3,1,4,1,3,2,11,12,8,6,9,9,2291.262566,img_0303.png,img_0303_Front.png
30,1.4,1,14,1.02,1.38,0.42,0,0,0,0,0,0,8,10,3,13,14,16,1,4,3,8,1,7,3,4,3,3,4,2,7,12,9,5,9,2,1912.481256,img_0304.png,img_0304_Front.png
30,1.7,2,8,1.49,1.30,0.48,0,0,0,0,0,0,8,9,12,9,14,15,7,5,2,4,3,4,4,3,2,1,1,3,10,9,9,3,8,5,1618.294859,img_0305.png,img_0305_Front.png
30,3.2,3,11,3.18,1.45,0.76,0,0,0,0,0,0,19,7,15,17,6,18,11,6,6,6,6,7,4,2,4,1,3,2,11,13,4,6,7,6,2611.2869,img_0306.png,img_0306_Front.png
30,1.3,2,14,1.58,1.51,0.3,0,0,0,0,0,0,8,15,12,12,16,16,7,3,3,4,4,1,4,3,3,1,3,2,7,11,10,1,10,7,1619.005392,img_0307.png,img_0307_Front.png
30,2.0,1,14,2.8,1.26,0.6,0,0,0,0,0,0,14,8,8,11,12,8,7,5,4,9,4,7,4,3,3,3,2,3,10,9,5,5,7,4,1812.550858,img_0308.png,img_0308_Front.png
30,4.1,2,9,2.44,1.37,0.62,0,0,0,0,0,0,15,13,17,14,9,15,6,5,2,4,4,8,3,1,3,1,3,2,11,12,6,4,9,6,2307.966226,img_0309.png,img_0309_Front.png
30,2.7,2,11,2.22,1.39,0.55,0,0,0,0,0,0,10,12,15,11,14,18,8,4,2,3,4,4,3,2,3,1,3,3,9,13,10,3,9,6,1714.922462,img_0310.png,img_0310_Front.png
30,2.8,2,7,2.59,1.84,0.59,0,0,0,0,0,0,15,10,11,11,11,11,1,6,5,4,5,6,3,2,3,2,3,1,10,9,4,7,5,6,1704.327775,img_0311.png,img_0311_Front.png
30,1.0,2,15,2.96,1.46,0.21,0,0,0,0,0,0,15,12,19,9,6,10,1,3,4,4,4,1,4,4,3,2,3,2,7,11,11,5,12,8,1600.566697,img_0312.png,img_0312_Front.png
30,2.5,3,11,2.50,1.33,0.6,0,0,0,0,0,0,12,11,15,12,14,18,8,3,3,4,4,4,3,2,3,1,3,3,9,13,9,3,10,6,2236.404795,img_0313.png,img_0313_Front.png
30,1.7,1,15,1.57,1.36,0.26,0,0,0,0,0,0,7,14,8,12,15,16,5,3,4,5,3,2,4,4,2,2,4,1,7,13,10,3,9,4,2009.976247,img_0314.png,img_0314_Front.png
30,3.2,5,10,3.62,1.05,0.71,0,0,0,0,0,0,18,14,11,20,15,19,7,2,7,7,8,3,6,5,4,4,2,6,13,12,2,4,11,6,1226.161668,img_0315.png,img_0315_Front.png
30,2.0,2,6,2.03,1.71,0.67,0,0,0,0,0,0,12,8,10,11,12,12,1,5,3,4,3,5,2,4,2,3,3,2,10,7,4,7,5,5,1551.69179,img_0316.png,img_0316_Front.png
30,1.3,5,10,3.40,1.09,0.75,0,0,0,0,0,0,17,7,12,17,14,21,10,2,5,8,5,3,4,1,4,2,4,4,13,15,7,3,13,7,1358.338614,img_0317.png,img_0317_Front.png
30,3.0,3,12,2.31,1.38,0.6,0,0,0,0,0,0,11,11,17,11,12,10,8,5,2,4,4,6,4,2,4,1,3,4,10,14,10,4,9,7,2554.381688,img_0318.png,img_0318_Front.png
30,1.7,1,16,2.08,1.09,0.55,0,0,0,0,0,0,9,7,5,8,14,9,6,4,4,10,2,8,4,4,2,3,2,4,9,8,8,4,7,3,1813.287186,img_0319.png,img_0319_Front.png
30,1.8,2,14,2.65,1.42,0.4,0,0,0,0,0,0,14,12,17,9,11,13,4,4,2,3,5,2,3,2,3,1,4,2,6,12,10,4,9,7,1699.100781,img_0320.png,img_0320_Front.png
30,1.0,5,8,3.62,1.05,0.71,0,0,0,0,0,0,18,14,11,21,15,19,7,1,7,7,5,2,3,1,5,3,4,3,13,16,2,4,11,6,1611.276289,img_0321.png,img_0321_Front.png
30,1.8,5,14,3.46,1.10,0.76,0,0,0,0,0,0,18,8,14,17,15,20,10,2,5,10,6,3,6,2,4,1,4,5,13,14,6,3,13,6,1215.547179,img_0322.png,img_0322_Front.png
30,3.7,2,8,2.20,1.71,0.68,0,0,0,0,0,0,17,12,19,11,12,15,1,6,3,3,3,7,3,2,2,2,3,2,11,9,6,6,6,7,2048.813012,img_0323.png,img_0323_Front.png
30,1.0,6,8,3.43,1.08,0.76,0,0,0,0,0,0,19,7,15,17,6,18,11,1,7,7,5,2,3,1,6,4,5,4,12,17,7,3,14,6,1621.47858,img_0324.png,img_0324_Front.png
30,2.2,4,12,3.29,1.19,0.63,0,0,0,0,0,0,19,7,13,14,13,16,9,3,5,7,6,5,5,2,4,1,4,3,12,14,5,3,9,6,1822.902968,img_0325.png,img_0325_Front.png
30,2.1,5,8,3.44,1.07,0.69,0,0,0,0,0,0,17,13,10,18,14,19,8,1,7,7,5,2,4,3,4,3,3,4,13,12,3,4,11,6,1218.305935,img_0326.png,img_0326_Front.png
30,3.0,3,12,2.31,1.12,0.78,0,0,0,0,0,0,19,7,15,17,15,21,11,5,2,4,4,6,4,2,4,1,3,4,10,14,10,4,9,7,2566.709848,img_0327.png,img_0327_Front.png
30,2.4,3,11,2.32,1.33,0.59,0,0,0,0,0,0,12,10,14,12,14,17,8,3,3,3,4,4,3,1,3,1,3,3,8,13,9,3,9,6,2162.519735,img_0328.png,img_0328_Front.png
30,2.4,4,12,3.10,1.28,0.62,0,0,0,0,0,0,13,8,15,14,14,19,8,3,3,7,4,4,3,2,3,1,3,4,12,14,9,3,12,6,1833.215214,img_0329.png,img_0329_Front.png
30,2.7,2,12,2.06,1.12,0.78,0,0,0,0,0,0,19,7,15,17,15,21,11,4,2,4,4,5,4,2,4,1,3,3,9,13,10,3,9,0,1840.922431,img_0330.png,img_0330_Front.png
30,1.8,5,14,3.46,1.10,0.77,0,0,0,0,0,0,18,8,14,17,15,20,10,2,5,10,6,3,6,2,4,1,4,5,13,14,6,3,13,6,1218.413805,img_0331.png,img_0331_Front.png
30,3.0,3,13,2.65,1.61,0.57,0,0,0,0,0,0,8,12,17,9,8,11,0,5,2,5,5,5,3,1,3,1,4,1,9,10,3,6,10,10,2779.341227,img_0332.png,img_0332_Front.png
30,2.4,4,12,3.26,1.21,0.6,0,0,0,0,0,0,19,8,13,14,10,10,9,4,6,7,6,6,5,2,4,1,4,3,12,14,5,4,8,6,1838.664982,img_0333.png,img_0333_Front.png
30,2.6,2,5,2.30,1.55,0.74,0,0,0,0,0,0,11,10,14,11,12,10,1,7,6,2,3,5,3,4,1,2,4,5,11,5,3,7,4,6,1710.613143,img_0334.png,img_0334_Front.png
30,1.7,1,16,2.42,1.65,0.37,0,0,0,0,0,0,12,11,17,9,8,10,0,5,2,4,5,2,3,1,2,2,4,0,6,10,5,5,11,10,1750.179983,img_0335.png,img_0335_Front.png
30,2.8,1,6,2.41,1.42,0.69,0,0,0,0,0,0,11,16,11,12,13,13,2,6,6,2,3,7,3,4,1,1,6,2,12,9,9,7,4,5,2145.875482,img_0336.png,img_0336_Front.png
30,3.7,2,10,3.30,1.05,0.68,0,0,0,0,0,0,16,17,12,18,13,11,3,5,5,3,4,5,3,5,1,4,1,4,11,5,3,4,7,3,1894.53996,img_0337.png,img_0337_Front.png
30,3.1,3,10,3.38,1.37,0.49,0,0,0,0,0,0,17,13,11,16,11,15,6,4,6,5,7,4,5,2,3,1,2,2,11,12,4,6,9,6,2238.299812,img_0338.png,img_0338_Front.png
30,0.8,3,8,3.43,1.08,0.76,0,0,0,0,0,0,19,7,15,17,6,18,11,3,7,6,5,0,3,1,6,4,5,4,12,17,7,3,14,6,1439.593733,img_0339.png,img_0339_Front.png
30,2.6,2,5,2.12,1.77,0.75,0,0,0,0,0,0,13,12,18,11,11,11,0,8,7,2,3,6,3,5,1,2,4,4,12,6,4,8,4,7,1826.930627,img_0340.png,img_0340_Front.png
30,3.1,1,7,2.77,1.53,0.59,0,0,0,0,0,0,14,15,11,12,11,10,3,5,6,2,3,6,3,2,1,1,5,1,11,10,6,6,5,5,1678.361645,img_0341.png,img_0341_Front.png
30,3.4,4,13,2.91,1.50,0.32,0,0,0,0,0,0,10,14,15,12,5,15,4,5,4,5,5,5,3,1,4,1,4,1,8,10,7,7,12,9,1998.466491,img_0342.png,img_0342_Front.png
30,1.8,2,13,1.61,1.34,0.27,0,0,0,0,0,0,5,16,9,12,20,18,9,2,7,3,3,5,4,2,3,1,3,1,10,13,10,4,9,4,1936.62324,img_0343.png,img_0343_Front.png
30,2.1,4,14,3.36,1.18,0.66,0,0,0,0,0,0,19,7,14,15,14,18,10,3,5,9,6,5,5,2,4,1,4,3,12,14,6,3,12,6,1567.040303,img_0344.png,img_0344_Front.png
30,3.0,3,12,2.31,1.38,0.6,0,0,0,0,0,0,11,13,16,11,19,11,8,5,2,4,4,6,4,2,4,1,3,4,10,14,10,4,9,7,2554.381688,img_0345.png,img_0345_Front.png
30,1.2,4,7,3.14,1.09,0.56,0,0,0,0,0,0,14,9,7,11,14,17,9,1,4,7,6,2,3,1,3,2,2,3,9,13,6,3,11,7,2351.9711,img_0346.png,img_0346_Front.png
30,2.5,3,15,2.20,1.40,0.51,0,0,0,0,0,0,11,11,16,12,10,17,8,5,3,3,5,3,3,2,3,1,4,3,9,12,10,3,11,5,2674.642933,img_0347.png,img_0347_Front.png
30,1.1,3,15,2.01,1.57,0.27,0,0,0,0,0,0,7,16,10,13,11,15,7,2,6,3,3,2,3,3,3,2,4,0,8,11,8,5,11,6,2002.319838,img_0348.png,img_0348_Front.png
30,1.4,2,17,1.72,1.47,0.31,0,0,0,0,0,0,9,13,8,13,18,15,8,3,6,5,4,6,4,1,3,1,3,2,7,12,10,3,7,8,1684.546179,img_0349.png,img_0349_Front.png
30,1.3,2,11,2.0,1.48,0.29,0,0,0,0,0,0,7,13,12,13,10,16,8,2,6,3,3,1,2,2,3,2,4,0,8,11,9,3,11,5,1789.039677,img_0350.png,img_0350_Front.png
30,1.2,5,8,3.58,1.05,0.7,0,0,0,0,0,0,17,13,10,20,14,19,7,1,7,6,5,2,3,1,4,3,3,3,13,15,2,4,11,6,1626.563051,img_0351.png,img_0351_Front.png
30,3.4,1,6,2.29,1.48,0.68,0,0,0,0,0,0,15,13,17,11,12,14,1,6,5,2,3,7,3,3,1,1,3,2,11,9,7,6,4,6,2253.494858,img_0352.png,img_0352_Front.png
30,1.3,5,10,3.40,1.09,0.75,0,0,0,0,0,0,17,7,12,16,14,21,10,2,5,8,5,3,4,1,4,2,4,4,13,15,7,3,13,7,1358.338614,img_0353.png,img_0353_Front.png
30,1.9,1,14,2.49,1.62,0.41,0,0,0,0,0,0,12,11,15,9,8,10,0,5,2,3,4,2,3,1,1,1,4,0,7,10,5,5,9,9,1742.658803,img_0354.png,img_0354_Front.png
30,2.2,3,14,2.78,1.54,0.35,0,0,0,0,0,0,10,12,15,10,7,13,0,5,2,4,5,2,3,1,2,1,4,0,6,10,5,6,11,9,2342.415506,img_0355.png,img_0355_Front.png
30,1.8,2,14,2.65,1.42,0.4,0,0,0,0,0,0,10,14,15,12,5,15,4,4,2,3,5,2,3,2,3,1,4,2,6,12,10,4,9,7,1699.100781,img_0356.png,img_0356_Front.png
30,2.8,3,11,2.31,1.16,0.74,0,0,0,0,0,0,17,7,14,16,14,20,10,4,2,3,3,5,3,1,3,1,3,3,9,13,9,3,9,6,2430.239477,img_0357.png,img_0357_Front.png
30,2.2,1,13,1.82,1.34,0.4,0,0,0,0,0,0,8,10,10,12,14,16,6,3,3,3,3,3,3,2,2,1,3,1,7,13,9,3,9,5,1671.084344,img_0358.png,img_0358_Front.png
30,1.7,2,8,2.03,1.71,0.67,0,0,0,0,0,0,12,8,10,11,12,12,1,5,2,4,3,4,4,3,2,1,1,3,10,7,4,7,5,5,1592.750047,img_0359.png,img_0359_Front.png
30,2.6,2,5,2.15,1.72,0.74,0,0,0,0,0,0,12,11,17,11,11,10,0,7,6,2,3,5,3,4,1,2,4,4,11,5,3,7,4,6,1827.868365,img_0360.png,img_0360_Front.png
30,0.8,4,8,3.52,1.05,0.72,0,0,0,0,0,0,18,10,12,18,8,18,9,2,7,6,5,1,3,1,5,3,4,3,12,16,5,3,12,6,2349.316044,img_0361.png,img_0361_Front.png
30,1.2,4,7,3.14,1.08,0.76,0,0,0,0,0,0,19,7,15,17,6,18,11,1,4,7,6,2,3,1,3,2,2,3,9,13,6,3,11,7,2233.858131,img_0362.png,img_0362_Front.png
30,1.7,2,12,2.41,1.39,0.41,0,0,0,0,0,0,12,11,16,9,11,13,4,4,2,3,4,2,3,2,2,1,3,2,6,11,9,3,8,6,1584.941474,img_0363.png,img_0363_Front.png
30,2.9,1,7,2.71,1.71,0.59,0,0,0,0,0,0,14,11,11,11,11,10,2,5,5,2,4,6,3,2,1,1,3,1,10,9,4,6,5,5,1641.775294,img_0364.png,img_0364_Front.png
30,1.7,2,5,1.90,1.63,0.63,0,0,0,0,0,0,11,16,11,12,13,13,2,6,3,4,3,5,2,3,1,3,3,3,10,8,6,5,5,5,1717.159066,img_0365.png,img_0365_Front.png
30,1.7,2,5,1.81,1.56,0.6,0,0,0,0,0,0,10,7,9,9,12,11,3,5,2,4,3,4,2,3,1,2,2,3,10,8,6,4,5,5,1713.636884,img_0366.png,img_0366_Front.png
30,1.0,4,11,3.43,1.08,0.77,0,0,0,0,0,0,19,7,15,17,11,19,11,3,5,9,5,1,3,1,4,1,5,4,12,16,9,3,14,6,1830.442127,img_0367.png,img_0367_Front.png
30,2.2,4,12,3.29,1.19,0.63,0,0,0,0,0,0,19,7,11,21,15,19,9,3,5,7,6,5,5,2,4,1,4,3,12,14,5,3,9,6,1822.902968,img_0368.png,img_0368_Front.png
30,2.9,3,13,2.92,1.49,0.29,0,0,0,0,0,0,11,13,15,11,5,14,3,4,4,4,4,4,3,1,3,1,3,1,7,10,7,6,12,8,2549.924634,img_0369.png,img_0369_Front.png
30,2.2,3,12,3.14,1.27,0.62,0,0,0,0,0,0,17,8,14,14,14,17,8,3,3,5,4,4,3,1,3,1,3,3,9,13,7,3,10,6,2356.13998,img_0370.png,img_0370_Front.png
30,1.7,2,8,2.08,1.09,0.55,0,0,0,0,0,0,9,7,5,8,14,9,6,5,2,4,3,4,4,4,2,3,2,4,9,8,8,4,7,3,1588.203623,img_0371.png,img_0371_Front.png
30,1.0,2,15,2.20,1.54,0.25,0,0,0,0,0,0,8,15,11,12,10,14,5,2,5,3,3,1,3,3,3,2,3,0,7,11,8,5,11,6,2025.959994,img_0372.png,img_0372_Front.png
30,2.4,2,13,2.05,1.43,0.36,0,0,0,0,0,0,10,11,9,11,15,13,8,3,5,4,4,6,4,1,3,1,3,3,8,12,10,3,7,7,1693.226829,img_0373.png,img_0373_Front.png
30,1.3,5,10,3.40,1.09,0.75,0,0,0,0,0,0,17,7,12,17,14,21,10,1,5,8,5,3,4,1,4,2,4,4,13,15,7,3,13,7,1358.338614,img_0374.png,img_0374_Front.png
30,3.1,3,10,3.42,1.30,0.53,0,0,0,0,0,0,17,13,11,17,11,15,6,3,6,5,7,3,5,2,3,1,2,2,11,12,3,5,9,6,2279.71555,img_0375.png,img_0375_Front.png
30,2.0,4,14,3.41,1.12,0.73,0,0,0,0,0,0,18,7,14,15,14,19,10,2,5,9,6,4,5,2,4,1,4,4,12,14,6,3,12,6,1449.227233,img_0376.png,img_0376_Front.png
30,1.8,5,14,3.36,1.18,0.66,0,0,0,0,0,0,19,7,14,15,14,18,10,2,5,10,6,3,5,2,4,1,4,3,12,14,6,3,12,6,1309.977261,img_0377.png,img_0377_Front.png
30,1.4,5,9,3.40,1.08,0.73,0,0,0,0,0,0,17,8,11,17,14,20,9,1,5,7,5,2,4,1,4,2,3,4,13,14,6,3,12,6,1342.084151,img_0378.png,img_0378_Front.png
30,2.3,2,9,2.51,1.49,0.66,0,0,0,0,0,0,12,11,15,9,11,11,1,5,2,2,4,4,3,2,1,1,4,3,7,8,4,5,7,6,1564.033499,img_0379.png,img_0379_Front.png
30,1.8,5,14,3.46,1.10,0.76,0,0,0,0,0,0,18,8,14,17,6,18,10,2,5,10,6,3,6,2,4,1,4,5,13,14,6,3,13,6,1215.547179,img_0380.png,img_0380_Front.png
30,2.2,2,11,2.31,1.36,0.54,0,0,0,0,0,0,11,11,14,12,14,17,7,3,3,4,4,3,3,2,3,1,3,2,8,12,9,2,10,6,1613.333371,img_0381.png,img_0381_Front.png
30,2.0,3,10,3.24,1.35,0.76,0,0,0,0,0,0,19,7,15,17,6,18,11,4,6,6,5,5,3,1,4,2,4,3,11,14,4,4,9,6,2138.235228,img_0382.png,img_0382_Front.png
30,1.3,2,11,2.0,1.48,0.29,0,0,0,0,0,0,7,12,12,12,16,16,8,2,6,3,3,1,2,2,3,2,4,0,8,11,9,3,11,5,1789.039677,img_0383.png,img_0383_Front.png
30,2.2,2,10,2.15,1.32,0.56,0,0,0,0,0,0,11,9,13,11,14,16,7,3,2,3,3,4,3,1,2,1,2,3,8,12,9,3,8,5,1558.990196,img_0384.png,img_0384_Front.png
30,3.5,2,9,2.37,1.37,0.61,0,0,0,0,0,0,13,12,17,13,10,13,6,5,2,4,4,6,3,1,3,1,3,3,10,13,7,4,9,6,1627.757695,img_0385.png,img_0385_Front.png
30,1.8,5,14,3.46,1.10,0.76,0,0,0,0,0,0,19,8,14,17,15,20,10,2,5,10,6,3,6,2,4,1,4,5,13,14,6,3,13,6,1215.547179,img_0386.png,img_0386_Front.png
30,2.7,3,12,2.54,1.11,0.77,0,0,0,0,0,0,18,7,14,17,15,20,10,4,2,5,4,5,4,2,4,1,3,4,10,14,9,3,9,6,2606.433281,img_0387.png,img_0387_Front.png
30,3.3,2,11,2.19,1.45,0.64,0,0,0,0,0,0,9,11,12,10,17,12,6,5,2,4,4,7,3,1,4,1,3,3,10,12,9,5,9,7,1733.795503,img_0388.png,img_0388_Front.png
30,1.0,5,8,3.62,1.05,0.71,0,0,0,0,0,0,18,14,11,21,15,19,7,2,5,8,5,2,3,1,5,3,4,3,13,16,2,4,11,6,1611.276289,img_0389.png,img_0389_Front.png
30,3.2,2,11,2.33,1.37,0.6,0,0,0,0,0,0,11,11,17,11,11,11,7,5,2,4,4,6,3,1,3,1,3,3,10,13,9,4,9,6,1714.496194,img_0390.png,img_0390_Front.png
30,1.4,1,14,1.47,1.27,0.49,0,0,0,0,0,0,8,8,3,11,14,10,3,4,3,9,1,7,3,4,2,3,2,2,8,9,8,4,7,2,1954.22842,img_0391.png,img_0391_Front.png
30,3.0,3,12,2.20,1.71,0.68,0,0,0,0,0,0,17,12,19,11,12,15,1,5,2,4,4,6,4,2,4,1,3,4,10,14,10,6,6,7,2557.418717,img_0392.png,img_0392_Front.png
30,2.9,2,12,2.26,1.32,0.63,0,0,0,0,0,0,12,11,15,12,18,13,8,4,2,4,4,5,4,2,4,1,3,3,9,13,10,3,9,5,1853.031725,img_0393.png,img_0393_Front.png
30,2.2,4,12,3.27,1.19,0.61,0,0,0,0,0,0,19,7,13,14,12,9,9,3,5,7,6,5,5,2,4,1,4,3,12,14,5,3,8,6,1816.177262,img_0394.png,img_0394_Front.png
30,2.8,2,7,2.59,1.84,0.59,0,0,0,0,0,0,15,10,11,16,11,15,1,6,5,4,5,6,3,2,3,2,3,1,10,9,4,7,5,6,1704.327775,img_0395.png,img_0395_Front.png
30,2.7,2,11,2.14,1.36,0.57,0,0,0,0,0,0,10,10,16,10,12,11,7,5,2,4,3,5,4,2,3,1,2,3,10,13,9,3,8,6,1715.732528,img_0396.png,img_0396_Front.png
30,2.8,4,10,3.47,1.12,0.66,0,0,0,0,0,0,18,11,11,18,13,13,7,2,6,7,6,5,5,2,4,2,2,3,12,13,3,4,8,6,1897.260415,img_0397.png,img_0397_Front.png
30,1.0,5,8,3.62,1.05,0.71,0,0,0,0,0,0,18,14,11,21,15,19,7,1,7,7,5,2,3,1,5,3,4,3,13,16,2,4,10,6,1611.276289,img_0398.png,img_0398_Front.png
30,3.2,4,12,2.94,1.45,0.38,0,0,0,0,0,0,10,12,15,12,6,15,4,4,3,5,4,4,3,1,3,1,3,1,8,10,7,6,12,8,2084.225303,img_0399.png,img_0399_Front.png
30,2.7,3,12,2.98,1.31,0.6,0,0,0,0,0,0,13,9,14,13,16,10,8,4,4,5,4,6,4,2,4,1,3,3,10,14,6,4,8,6,2534.468772,img_0400.png,img_0400_Front.png
30,1.2,5,8,3.54,1.05,0.71,0,0,0,0,0,0,17,11,10,19,14,19,7,1,6,6,5,2,3,1,4,2,3,3,13,15,3,3,11,6,1627.056021,img_0401.png,img_0401_Front.png
30,1.1,5,8,3.52,1.08,0.74,0,0,0,0,0,0,17,9,11,19,14,20,7,1,6,7,5,2,3,1,4,2,4,3,13,15,3,3,12,6,1622.184424,img_0402.png,img_0402_Front.png
30,2.2,4,12,3.27,1.19,0.61,0,0,0,0,0,0,19,7,13,14,12,9,9,1,5,8,5,3,5,2,4,1,4,3,12,14,5,3,8,6,1816.177262,img_0403.png,img_0403_Front.png
30,2.6,4,10,3.46,1.11,0.68,0,0,0,0,0,0,18,10,11,17,13,14,7,2,5,7,6,4,5,2,4,1,2,3,12,13,3,3,9,6,1872.316442,img_0404.png,img_0404_Front.png
30,1.1,4,12,3.44,1.08,0.76,0,0,0,0,0,0,19,7,14,17,13,19,10,2,5,9,5,2,4,1,4,1,4,4,12,15,7,3,13,6,1734.175653,img_0405.png,img_0405_Front.png
30,2.1,5,8,3.36,1.18,0.66,0,0,0,0,0,0,19,7,14,15,14,18,10,1,7,7,5,2,4,3,4,3,3,4,13,12,3,3,12,6,1359.573124,img_0406.png,img_0406_Front.png
30,1.8,4,13,3.40,1.11,0.73,0,0,0,0,0,0,17,7,13,15,14,19,10,2,5,8,5,3,4,1,4,1,4,4,12,14,6,3,12,6,1682.206395,img_0407.png,img_0407_Front.png
30,2.5,1,12,2.71,1.55,0.38,0,0,0,0,0,0,11,11,15,10,7,13,1,4,2,4,4,3,3,1,1,1,3,0,7,10,5,5,10,8,1983.944197,img_0408.png,img_0408_Front.png
30,3.5,2,9,2.37,1.37,0.61,0,0,0,0,0,0,13,12,17,13,10,13,6,4,2,3,4,2,3,1,3,1,3,3,10,13,7,4,9,6,1627.757695,img_0409.png,img_0409_Front.png
30,2.6,4,10,3.44,1.13,0.66,0,0,0,0,0,0,18,10,11,17,13,14,7,2,5,7,6,4,5,2,4,1,2,3,12,13,3,3,8,6,1994.705379,img_0410.png,img_0410_Front.png
30,3.1,1,8,2.60,1.46,0.59,0,0,0,0,0,0,13,11,14,12,10,11,4,5,3,3,4,6,3,1,2,1,3,1,10,11,5,5,7,5,1752.869953,img_0411.png,img_0411_Front.png
30,2.9,3,13,2.65,1.42,0.4,0,0,0,0,0,0,10,14,15,12,5,15,4,4,4,4,4,4,3,1,3,1,3,1,7,10,7,6,9,7,2615.678555,img_0412.png,img_0412_Front.png
30,1.4,1,12,1.53,1.32,0.51,0,0,0,0,0,0,8,7,4,10,13,10,3,4,2,8,1,6,2,3,1,1,2,2,8,8,7,4,6,2,1902.807631,img_0413.png,img_0413_Front.png
30,1.9,4,14,3.42,1.11,0.74,0,0,0,0,0,0,18,7,14,16,14,19,10,2,5,7,6,3,5,2,4,1,4,4,12,14,6,3,12,6,1439.35298,img_0414.png,img_0414_Front.png
30,2.2,2,10,2.15,1.32,0.4,0,0,0,0,0,0,10,14,15,12,5,15,4,3,2,3,3,4,3,1,2,1,2,3,8,12,9,3,8,5,1522.7681,img_0415.png,img_0415_Front.png
30,3.0,2,10,2.18,1.42,0.62,0,0,0,0,0,0,9,10,12,10,16,12,6,4,2,3,2,6,3,1,3,0,2,3,9,12,9,4,8,6,1725.979895,img_0416.png,img_0416_Front.png
30,1.8,5,14,3.46,1.10,0.76,0,0,0,0,0,0,18,8,14,17,8,19,10,2,5,10,6,3,6,2,4,1,4,5,13,14,6,3,13,6,1215.547179,img_0417.png,img_0417_Front.png
30,1.8,5,14,3.46,1.10,0.76,0,0,0,0,0,0,18,8,14,17,15,20,10,2,5,10,6,3,6,2,4,1,4,5,12,14,6,3,13,6,1215.547179,img_0418.png,img_0418_Front.png
30,1.4,5,10,3.41,1.09,0.75,0,0,0,0,0,0,17,7,12,16,14,20,10,2,5,8,5,3,4,1,4,1,4,4,13,14,6,3,13,6,1367.775135,img_0419.png,img_0419_Front.png
30,1.8,4,14,3.44,1.11,0.73,0,0,0,0,0,0,18,7,14,16,11,18,10,2,5,9,6,3,5,2,4,1,4,4,12,14,6,3,12,6,1555.406783,img_0420.png,img_0420_Front.png
30,2.0,4,14,3.46,1.10,0.76,0,0,0,0,0,0,18,8,14,17,15,20,10,2,5,9,6,4,5,2,4,1,4,4,13,14,6,3,13,6,1291.128192,img_0421.png,img_0421_Front.png
30,2.8,1,10,2.18,1.36,0.57,0,0,0,0,0,0,10,10,16,10,11,11,6,5,2,4,3,5,3,1,3,1,2,3,10,13,8,3,8,6,1951.940226,img_0422.png,img_0422_Front.png
30,1.5,1,9,1.62,1.21,0.51,0,0,0,0,0,0,8,7,3,8,14,9,4,4,2,6,1,4,3,4,2,3,2,2,8,8,8,4,7,2,2030.672391,img_0423.png,img_0423_Front.png
30,1.3,5,10,3.40,1.09,0.75,0,0,0,0,0,0,17,6,12,16,14,21,10,2,5,8,5,3,4,1,4,2,4,4,13,15,7,3,13,7,1358.338614,img_0424.png,img_0424_Front.png
30,1.0,5,8,3.57,1.05,0.71,0,0,0,0,0,0,17,12,11,20,14,19,7,1,6,7,5,2,3,1,4,2,3,3,13,15,2,3,10,6,1608.98106,img_0425.png,img_0425_Front.png
30,2.6,4,9,3.52,1.09,0.67,0,0,0,0,0,0,17,11,10,19,13,17,7,1,6,6,5,3,4,1,4,2,2,3,12,13,2,4,9,6,1812.748098,img_0426.png,img_0426_Front.png
30,1.2,5,8,3.46,1.10,0.76,0,0,0,0,0,0,19,8,14,17,15,20,10,1,7,6,5,2,6,2,4,1,4,5,13,14,6,3,13,6,1633.038885,img_0427.png,img_0427_Front.png
30,2.5,2,5,2.22,1.67,0.72,0,0,0,0,0,0,12,11,16,10,11,10,0,6,5,2,3,4,3,3,1,1,4,3,10,5,3,6,4,6,1816.095448,img_0428.png,img_0428_Front.png
30,1.8,5,14,3.46,1.10,0.76,0,0,0,0,0,0,18,8,14,17,15,20,10,2,5,10,6,3,6,2,4,2,4,5,13,14,6,3,13,6,1215.547179,img_0429.png,img_0429_Front.png
30,2.7,2,12,2.41,1.39,0.41,0,0,0,0,0,0,12,11,16,9,11,13,4,5,2,4,3,5,3,2,2,1,3,2,6,11,9,3,8,6,1745.679677,img_0430.png,img_0430_Front.png
30,1.3,5,8,3.55,1.05,0.69,0,0,0,0,0,0,17,13,9,19,14,19,7,1,7,6,5,2,3,1,4,3,3,3,13,14,2,4,11,6,1478.897934,img_0431.png,img_0431_Front.png
30,1.5,5,10,3.41,1.09,0.74,0,0,0,0,0,0,18,8,12,17,14,20,9,1,5,8,5,2,4,1,4,1,3,4,13,14,6,3,12,6,1375.113145,img_0432.png,img_0432_Front.png
30,2.2,2,10,2.31,1.16,0.74,0,0,0,0,0,0,17,7,14,16,14,20,10,3,2,3,3,4,3,1,2,1,2,3,8,13,9,3,9,6,1620.108061,img_0433.png,img_0433_Front.png
30,2.9,2,9,2.11,1.47,0.63,0,0,0,0,0,0,9,10,11,9,16,11,5,5,2,4,3,6,2,1,3,1,2,3,10,11,8,4,8,6,1637.752064,img_0434.png,img_0434_Front.png
30,2.7,2,11,2.56,1.39,0.5,0,0,0,0,0,0,10,11,14,12,12,16,5,3,3,4,4,3,3,1,3,1,3,1,8,10,7,4,11,6,1721.987411,img_0435.png,img_0435_Front.png
30,1.7,2,5,1.81,1.56,0.59,0,0,0,0,0,0,10,7,9,9,12,11,3,5,2,4,3,4,2,3,1,2,2,3,10,8,6,4,5,5,1712.98706,img_0436.png,img_0436_Front.png
30,2.8,2,11,2.85,1.32,0.6,0,0,0,0,0,0,12,9,14,12,15,10,7,4,3,4,4,6,3,1,3,1,3,3,10,13,6,4,8,6,1667.864405,img_0437.png,img_0437_Front.png
30,2.1,4,13,3.23,1.20,0.62,0,0,0,0,0,0,18,7,14,14,14,17,8,2,4,8,5,3,4,1,3,1,3,3,11,13,6,3,10,6,1675.36396,img_0438.png,img_0438_Front.png
30,1.2,4,7,3.14,1.08,0.77,0,0,0,0,0,0,19,7,15,17,6,18,11,1,4,7,6,2,3,1,3,2,2,3,9,13,6,3,11,7,2236.093172,img_0439.png,img_0439_Front.png
30,2.8,2,10,2.18,1.36,0.57,0,0,0,0,0,0,10,10,16,10,11,11,6,5,2,4,3,5,3,1,3,1,2,3,10,13,8,3,8,6,1676.908269,img_0440.png,img_0440_Front.png
30,2.8,3,10,3.09,1.30,0.56,0,0,0,0,0,0,14,11,13,15,14,11,7,3,4,5,6,5,4,2,3,1,2,2,10,13,5,4,8,6,2147.485972,img_0441.png,img_0441_Front.png
30,2.2,4,12,3.40,1.09,0.75,0,0,0,0,0,0,17,7,12,17,14,21,10,3,5,7,6,5,5,2,4,2,4,4,13,15,7,3,13,7,1573.777734,img_0442.png,img_0442_Front.png
30,2.8,2,11,2.17,1.36,0.57,0,0,0,0,0,0,10,10,16,10,11,11,7,5,2,4,3,5,3,1,3,1,2,3,10,13,9,3,8,6,1739.203583,img_0443.png,img_0443_Front.png
30,2.3,2,11,2.66,1.48,0.29,0,0,0,0,0,0,9,12,12,11,7,14,5,2,5,3,3,2,2,1,3,1,3,0,7,10,8,4,11,7,1576.139665,img_0444.png,img_0444_Front.png
30,2.2,4,12,3.27,1.19,0.61,0,0,0,0,0,0,19,7,13,14,12,9,9,3,5,7,6,5,5,2,5,1,4,3,12,14,5,3,8,6,1816.177262,img_0445.png,img_0445_Front.png
30,2.1,4,12,3.32,1.17,0.65,0,0,0,0,0,0,18,7,11,20,15,19,9,2,5,7,6,4,5,2,4,1,4,3,12,14,5,3,9,6,1817.896925,img_0446.png,img_0446_Front.png
30,1.4,5,13,3.42,1.09,0.75,0,0,0,0,0,0,17,7,13,17,14,20,10,1,5,8,5,3,5,1,4,1,4,4,13,14,6,3,13,6,1277.260673,img_0447.png,img_0447_Front.png
30,1.9,1,14,2.20,1.54,0.25,0,0,0,0,0,0,8,15,11,12,10,14,5,5,2,3,4,2,3,1,1,1,3,0,7,11,8,5,11,6,1679.897096,img_0448.png,img_0448_Front.png
30,1.8,4,13,3.40,1.11,0.73,0,0,0,0,0,0,17,7,13,15,14,19,9,1,5,8,5,3,4,1,4,1,3,4,12,14,6,3,12,6,1682.206395,img_0449.png,img_0449_Front.png
30,1.2,3,10,3.32,1.17,0.76,0,0,0,0,0,0,19,7,15,17,9,18,11,3,5,7,5,2,3,1,4,1,4,3,11,14,5,3,10,6,1603.033892,img_0450.png,img_0450_Front.png
30,2.8,1,10,2.31,1.35,0.57,0,0,0,0,0,0,10,9,15,10,11,10,6,4,2,4,3,5,3,1,3,1,2,3,10,13,7,3,8,6,1961.979671,img_0451.png,img_0451_Front.png
30,2.7,2,11,2.23,1.36,0.46,0,0,0,0,0,0,10,10,16,9,11,12,5,5,2,4,3,5,3,1,2,1,2,2,8,12,9,3,8,6,1692.445164,img_0452.png,img_0452_Front.png
30,2.2,2,10,2.15,1.32,0.4,0,0,0,0,0,0,10,14,15,12,5,15,4,3,4,5,6,4,3,1,2,1,2,3,8,12,9,3,8,5,1522.7681,img_0453.png,img_0453_Front.png
30,2.2,4,11,3.36,1.15,0.65,0,0,0,0,0,0,17,7,10,19,14,18,8,1,5,6,5,3,4,1,4,1,3,3,12,13,4,3,9,6,1795.853711,img_0454.png,img_0454_Front.png
30,1.5,4,12,3.40,1.09,0.75,0,0,0,0,0,0,17,7,12,17,14,20,10,2,5,7,5,4,5,1,4,1,4,4,13,14,6,3,13,6,1777.921795,img_0455.png,img_0455_Front.png
30,1.4,5,13,3.46,1.10,0.76,0,0,0,0,0,0,19,8,14,17,15,20,10,1,5,8,5,3,5,1,4,1,4,4,13,14,6,3,13,6,1281.670045,img_0456.png,img_0456_Front.png
30,1.9,4,11,3.36,1.14,0.65,0,0,0,0,0,0,17,8,10,19,14,19,8,1,5,6,5,3,4,1,4,1,3,3,12,14,4,3,9,6,1760.997185,img_0457.png,img_0457_Front.png
30,1.8,4,13,3.42,1.10,0.74,0,0,0,0,0,0,17,7,13,15,9,19,9,1,5,8,5,3,4,1,4,1,3,4,12,14,6,3,12,6,1687.52328,img_0458.png,img_0458_Front.png
30,2.2,2,10,2.18,1.42,0.62,0,0,0,0,0,0,9,10,12,10,16,12,5,3,2,3,3,4,3,1,2,1,2,3,8,12,9,3,8,6,1571.69121,img_0459.png,img_0459_Front.png
30,1.1,4,11,3.43,1.08,0.75,0,0,0,0,0,0,18,6,13,16,13,19,10,2,5,8,5,2,4,1,4,1,4,4,12,15,7,3,13,6,1839.213711,img_0460.png,img_0460_Front.png
30,2.0,4,12,3.43,1.09,0.75,0,0,0,0,0,0,17,7,12,17,11,20,10,2,5,8,6,4,5,2,4,1,4,4,13,14,6,3,13,6,1548.81865,img_0461.png,img_0461_Front.png
30,1.8,5,14,3.46,1.10,0.76,0,0,0,0,0,0,18,8,14,17,8,19,10,2,5,10,6,3,6,2,4,2,4,5,13,14,6,3,13,6,1215.547179,img_0462.png,img_0462_Front.png
30,2.8,2,11,2.30,1.35,0.57,0,0,0,0,0,0,10,9,15,10,11,10,7,4,2,4,3,5,3,1,3,1,2,3,10,13,8,3,8,6,1748.518424,img_0463.png,img_0463_Front.png
30,2.8,2,10,2.17,1.36,0.57,0,0,0,0,0,0,10,10,16,10,11,11,6,5,2,4,3,5,3,1,3,1,2,3,10,13,7,3,8,6,1676.289191,img_0464.png,img_0464_Front.png
30,2.6,4,10,3.23,1.20,0.62,0,0,0,0,0,0,18,7,14,14,14,17,8,2,5,7,6,4,5,2,4,1,3,3,11,13,6,3,10,6,1964.963286,img_0465.png,img_0465_Front.png
30,1.7,4,14,3.44,1.10,0.73,0,0,0,0,0,0,18,7,14,16,11,18,10,2,5,9,6,3,5,2,4,1,4,4,12,14,6,3,12,6,1541.911337,img_0466.png,img_0466_Front.png
30,2.0,5,9,3.41,1.14,0.7,0,0,0,0,0,0,18,7,14,15,14,19,10,1,5,7,5,2,4,2,4,2,3,4,13,13,5,3,12,6,1368.652684,img_0467.png,img_0467_Front.png
30,1.8,4,13,3.46,1.10,0.76,0,0,0,0,0,0,18,8,14,17,6,18,10,1,5,8,5,3,4,1,4,1,3,4,12,14,6,3,13,6,1697.221398,img_0468.png,img_0468_Front.png
30,2.9,2,9,2.94,1.31,0.57,0,0,0,0,0,0,13,11,13,14,13,11,6,3,3,4,5,4,3,1,3,1,2,2,10,13,5,4,8,6,1545.576303,img_0469.png,img_0469_Front.png
30,1.6,5,11,3.44,1.09,0.75,0,0,0,0,0,0,17,7,12,16,14,20,10,2,5,9,5,3,4,1,4,1,4,4,13,14,6,3,13,6,1413.323015,img_0470.png,img_0470_Front.png
30,1.8,4,13,3.46,1.10,0.76,0,0,0,0,0,0,18,8,14,17,15,20,10,1,5,8,5,3,4,1,4,1,3,5,12,14,6,3,13,6,1697.221398,img_0471.png,img_0471_Front.png
30,1.4,5,10,3.42,1.09,0.75,0,0,0,0,0,0,17,7,12,16,12,19,10,2,5,8,5,3,4,1,4,1,4,4,13,14,6,3,13,6,1368.174826,img_0472.png,img_0472_Front.png
30,1.9,4,12,3.43,1.09,0.75,0,0,0,0,0,0,17,7,13,17,14,20,10,2,5,8,6,3,5,2,4,2,4,4,13,14,6,3,13,6,1831.807696,img_0473.png,img_0473_Front.png
30,1.8,5,14,3.46,1.10,0.77,0,0,0,0,0,0,18,8,14,17,6,18,10,2,5,10,6,3,6,2,4,1,4,5,13,14,6,3,13,6,1218.413805,img_0474.png,img_0474_Front.png
30,1.4,5,10,3.42,1.09,0.75,0,0,0,0,0,0,17,7,12,16,14,20,10,2,5,8,5,3,4,1,4,1,4,4,12,14,6,3,13,6,1368.174826,img_0475.png,img_0475_Front.png
30,1.8,5,15,3.46,1.10,0.76,0,0,0,0,0,0,18,8,14,17,15,20,10,2,5,10,6,3,6,2,4,1,4,5,12,14,6,3,13,6,1246.914874,img_0476.png,img_0476_Front.png
30,1.9,4,14,3.42,1.11,0.74,0,0,0,0,0,0,18,7,14,16,14,19,10,3,5,7,6,3,5,2,4,1,4,4,12,14,6,3,12,6,1439.35298,img_0477.png,img_0477_Front.png
30,1.2,4,12,3.44,1.08,0.76,0,0,0,0,0,0,18,7,14,17,11,19,10,2,5,9,5,2,4,1,4,1,4,4,12,14,6,3,13,6,1746.420435,img_0478.png,img_0478_Front.png
30,1.8,4,14,3.46,1.10,0.76,0,0,0,0,0,0,18,8,14,17,11,19,10,2,5,8,6,3,5,2,4,1,4,4,13,14,6,3,13,6,1434.873779,img_0479.png,img_0479_Front.png
30,2.3,2,12,2.66,1.48,0.29,0,0,0,0,0,0,9,12,12,11,7,14,5,2,5,3,3,2,2,1,3,1,3,0,7,10,8,4,11,7,1623.691995,img_0480.png,img_0480_Front.png
30,1.8,4,14,3.44,1.10,0.73,0,0,0,0,0,0,18,7,14,16,10,18,10,2,5,9,6,3,5,2,4,1,4,4,12,14,6,3,12,6,1555.949259,img_0481.png,img_0481_Front.png
30,1.7,4,13,3.43,1.09,0.75,0,0,0,0,0,0,17,7,13,17,14,20,10,1,5,8,5,3,5,1,4,1,4,4,13,14,6,3,13,6,1677.720159,img_0482.png,img_0482_Front.png
30,2.2,4,12,3.27,1.19,0.61,0,0,1,0,0,0,19,7,13,14,12,9,9,3,5,7,6,5,5,2,5,1,4,3,12,14,5,3,8,6,7.1019e+6,img_0483.png,img_0483_Front.png
30,1.4,5,13,3.42,1.09,0.75,0,0,0,0,0,0,17,7,13,17,14,20,10,1,5,8,5,3,5,1,4,1,4,4,12,14,6,3,13,6,1277.260673,img_0484.png,img_0484_Front.png
30,2.4,1,13,2.33,1.38,0.44,0,0,0,0,0,0,10,10,13,12,12,12,6,4,2,3,4,4,3,1,2,1,3,1,8,11,6,4,9,6,1756.245443,img_0485.png,img_0485_Front.png
30,3.1,1,8,2.66,1.48,0.29,0,0,0,0,0,0,9,12,12,11,7,14,5,5,3,3,4,6,3,1,3,1,3,0,7,10,8,4,11,7,1808.241278,img_0486.png,img_0486_Front.png
30,2.6,1,11,2.68,1.53,0.42,0,0,0,0,0,0,11,11,14,10,7,12,1,4,2,3,4,3,3,1,1,1,3,0,7,10,5,5,9,7,1956.367316,img_0487.png,img_0487_Front.png
30,2.5,1,10,2.52,1.44,0.49,0,0,0,0,0,0,9,11,13,10,8,12,5,3,2,3,3,2,2,1,3,1,2,1,8,10,8,3,10,6,1883.263661,img_0488.png,img_0488_Front.png
30,2.2,4,12,3.40,1.11,0.73,0,0,0,0,0,0,17,7,13,15,14,19,9,3,5,7,6,5,5,2,4,2,4,4,13,15,7,3,12,6,1566.67266,img_0489.png,img_0489_Front.png
30,2.2,4,12,3.27,1.19,0.61,0,0,0,0,0,0,19,7,13,14,12,9,9,1,5,7,5,3,5,2,4,1,4,3,12,14,5,3,8,6,1816.177262,img_0490.png,img_0490_Front.png
30,1.7,4,11,3.31,1.13,0.7,0,0,0,0,0,0,18,7,13,15,14,17,8,1,4,8,5,2,4,1,3,1,3,3,11,13,6,3,11,6,1748.630463,img_0491.png,img_0491_Front.png
30,2.6,4,9,3.46,1.11,0.68,0,0,0,0,0,0,18,10,11,17,13,14,7,1,6,5,5,3,4,1,4,2,2,3,12,13,3,3,9,6,1811.310095,img_0492.png,img_0492_Front.png
30,2.6,1,5,2.29,1.62,0.69,0,0,0,0,0,0,12,11,15,10,10,10,0,5,4,2,3,4,3,2,1,1,3,2,10,6,3,5,4,5,2263.889961,img_0493.png,img_0493_Front.png
30,1.1,4,9,3.53,1.07,0.72,0,0,0,0,0,0,17,9,12,18,14,19,7,1,5,7,5,2,3,1,4,1,3,3,12,14,3,3,10,6,1939.301746,img_0494.png,img_0494_Front.png
30,2.2,4,12,3.40,1.11,0.73,0,0,0,0,0,0,17,7,13,15,14,19,9,3,5,7,6,5,5,2,4,2,4,4,13,15,7,3,13,7,1566.67266,img_0495.png,img_0495_Front.png
30,2.4,4,10,3.43,1.12,0.67,0,0,0,0,0,0,17,9,11,16,13,15,7,2,5,7,5,3,4,1,4,1,2,3,12,13,3,3,8,6,1966.687379,img_0496.png,img_0496_Front.png
30,1.5,4,10,3.43,1.09,0.75,0,0,0,0,0,0,16,7,13,16,14,20,10,2,5,8,5,3,4,1,4,1,4,4,13,14,6,3,13,6,1715.716373,img_0497.png,img_0497_Front.png
30,1.4,5,10,3.41,1.09,0.75,0,0,0,0,0,0,17,7,13,17,14,20,10,2,5,8,5,3,4,1,4,1,4,4,13,14,6,3,13,6,1367.775135,img_0498.png,img_0498_Front.png
30,1.8,4,14,3.42,1.10,0.74,0,0,0,0,0,0,18,7,14,16,14,19,10,2,5,7,6,3,5,2,4,1,4,4,12,14,6,3,12,6,1557.793467,img_0499.png,img_0499_Front.png
30,1.7,4,12,3.30,1.10,0.67,0,0,0,0,0,0,19,7,13,15,12,15,9,1,5,8,5,2,4,1,4,1,4,3,12,14,5,3,11,6,1773.649735,img_0500.png,img_0500_Front.png
30,2.7,2,10,2.37,1.35,0.48,0,0,0,0,0,0,10,10,15,10,11,11,5,4,2,4,3,4,3,1,2,1,2,2,8,12,8,3,8,6,1646.441052,img_0501.png,img_0501_Front.png
30,1.4,5,10,3.41,1.09,0.75,0,0,0,0,0,0,17,7,12,16,13,19,10,2,5,8,5,3,4,1,4,1,4,4,13,14,6,3,13,6,1367.775135,img_0502.png,img_0502_Front.png
30,1.8,4,14,3.44,1.10,0.73,0,0,0,0,0,0,18,7,14,16,10,18,10,2,5,9,6,3,5,2,4,1,3,4,12,14,6,3,12,6,1555.949259,img_0503.png,img_0503_Front.png
30,1.7,4,13,3.46,1.10,0.76,0,0,0,0,0,0,18,8,14,17,11,19,10,1,5,8,5,3,5,1,4,1,4,4,13,14,6,3,13,6,1682.718646,img_0504.png,img_0504_Front.png
30,1.6,4,13,3.44,1.09,0.75,0,0,0,0,0,0,17,7,13,17,14,20,10,1,5,8,5,3,5,1,4,1,4,4,13,14,6,3,13,6,1828.275612,img_0505.png,img_0505_Front.png
30,2.7,2,11,2.15,1.32,0.4,0,0,0,0,0,0,10,14,15,12,5,15,4,5,2,4,3,5,3,1,2,1,2,3,8,12,9,3,8,5,1673.57994,img_0506.png,img_0506_Front.png
30,1.1,4,9,3.42,1.08,0.75,0,0,0,0,0,0,17,6,12,16,12,19,10,2,5,8,5,2,4,1,4,1,4,4,12,14,6,3,13,6,1940.890089,img_0507.png,img_0507_Front.png
30,2.3,4,10,3.32,1.17,0.64,0,0,0,0,0,0,17,7,13,14,14,18,8,2,5,7,6,4,5,2,4,1,3,3,12,14,6,3,11,6,1931.752425,img_0508.png,img_0508_Front.png
30,2.2,4,11,3.36,1.15,0.65,0,0,0,0,0,0,17,7,10,19,14,18,8,2,5,8,5,3,4,1,4,1,3,3,12,13,4,3,9,6,1795.853711,img_0509.png,img_0509_Front.png
30,1.7,4,13,3.46,1.10,0.76,0,0,0,0,0,0,18,8,14,17,15,20,10,1,5,8,5,3,4,1,4,1,3,4,12,14,6,3,13,6,1682.718646,img_0510.png,img_0510_Front.png
30,2.3,1,10,2.30,1.37,0.45,0,0,0,0,0,0,9,12,14,10,7,13,4,3,2,3,3,2,2,1,2,1,2,2,8,11,8,3,9,5,1818.042575,img_0511.png,img_0511_Front.png
30,1.5,4,10,3.43,1.09,0.75,0,0,0,0,0,0,16,7,12,16,14,20,10,2,5,8,5,3,4,1,4,1,4,4,13,14,6,3,13,6,1715.716373,img_0512.png,img_0512_Front.png
30,1.5,5,10,3.43,1.09,0.75,0,0,0,0,0,0,17,7,12,16,14,20,10,2,5,8,5,3,4,1,4,1,4,4,13,14,6,3,13,6,1377.756736,img_0513.png,img_0513_Front.png
30,2.7,2,11,2.25,1.35,0.48,0,0,0,0,0,0,10,9,15,9,11,11,6,4,2,4,3,5,3,1,2,1,2,2,9,12,8,3,8,6,1699.219855,img_0514.png,img_0514_Front.png
30,1.4,5,10,3.42,1.09,0.75,0,0,0,0,0,0,18,7,14,15,14,19,10,2,5,8,5,3,4,1,4,1,4,4,12,14,6,3,13,6,1368.174826,img_0515.png,img_0515_Front.png
30,2.3,3,11,3.07,1.22,0.6,0,0,0,0,0,0,17,7,13,13,11,9,8,1,4,6,4,3,4,1,3,1,2,3,11,13,5,3,8,6,2250.438027,img_0516.png,img_0516_Front.png
30,1.5,4,12,3.43,1.09,0.75,0,0,0,0,0,0,18,7,13,17,14,20,10,1,5,8,5,3,5,1,4,1,4,4,13,14,6,3,13,6,1779.874134,img_0517.png,img_0517_Front.png
30,1.5,4,12,3.44,1.10,0.73,0,0,0,0,0,0,18,7,14,16,10,18,10,2,5,7,5,4,5,1,4,1,4,4,13,14,6,3,13,6,1774.074701,img_0518.png,img_0518_Front.png
30,1.8,5,14,3.46,1.10,0.76,0,0,0,0,0,0,18,8,14,17,13,19,10,2,5,10,6,3,6,2,4,1,4,5,12,14,6,3,13,6,1215.547179,img_0519.png,img_0519_Front.png
30,1.8,5,13,3.46,1.10,0.76,0,0,0,0,0,0,18,8,14,17,6,18,10,2,5,10,6,3,6,2,4,1,4,5,13,14,6,3,13,6,1184.761563,img_0520.png,img_0520_Front.png
30,1.4,5,10,3.42,1.09,0.75,0,0,0,0,0,0,17,7,12,16,14,20,10,1,5,7,5,2,4,1,4,1,4,4,12,14,6,3,13,6,1368.174826,img_0521.png,img_0521_Front.png
30,1.7,4,10,3.33,1.13,0.7,0,0,0,0,0,0,18,7,13,15,14,17,8,1,4,7,5,2,4,1,3,1,3,3,11,13,5,3,11,6,1717.80837,img_0522.png,img_0522_Front.png
30,2.2,2,11,2.39,1.44,0.33,0,0,0,0,0,0,9,13,13,11,6,14,4,2,4,4,3,2,2,1,2,1,2,1,7,11,8,3,9,5,1558.228854,img_0523.png,img_0523_Front.png
30,1.8,5,14,3.46,1.10,0.76,0,0,0,0,0,0,18,8,14,17,8,19,10,2,5,10,6,3,6,2,4,1,4,5,13,14,6,3,13,5,1215.547179,img_0524.png,img_0524_Front.png
30,1.8,4,12,3.43,1.09,0.75,0,0,0,0,0,0,17,7,13,17,12,19,10,2,5,8,6,3,5,2,4,2,4,4,13,14,6,3,13,6,1818.62674,img_0525.png,img_0525_Front.png
30,1.8,4,14,3.44,1.10,0.74,0,0,0,0,0,0,18,7,14,16,10,18,10,2,5,8,6,3,5,2,4,1,4,4,12,14,6,3,12,6,1559.187176,img_0526.png,img_0526_Front.png
30,1.8,5,15,3.46,1.10,0.76,0,0,0,0,0,0,18,8,14,17,15,20,10,2,5,10,6,3,6,2,4,1,5,5,12,14,6,3,13,6,1246.914874,img_0527.png,img_0527_Front.png
30,1.4,5,13,3.46,1.10,0.76,0,0,0,0,0,0,18,8,14,17,13,19,10,1,5,8,5,3,5,1,4,1,4,4,13,14,6,3,13,6,1281.670045,img_0528.png,img_0528_Front.png
30,1.8,4,13,3.44,1.09,0.75,0,0,0,0,0,0,17,7,13,17,14,20,10,2,5,8,6,3,5,2,4,1,4,4,12,14,6,3,13,6,1692.923804,img_0529.png,img_0529_Front.png
30,1.8,5,14,3.46,1.10,0.76,0,0,0,0,0,0,18,8,14,17,8,19,10,2,5,10,6,3,6,2,4,1,3,5,13,14,6,3,13,6,1215.547179,img_0530.png,img_0530_Front.png
30,1.3,4,12,3.43,1.08,0.75,0,0,0,0,0,0,17,7,13,17,11,19,10,1,5,8,5,2,4,1,4,1,4,4,12,14,6,3,13,6,1755.225631,img_0531.png,img_0531_Front.png
30,1.7,4,13,3.42,1.09,0.73,0,0,0,0,0,0,17,7,13,16,10,19,10,2,5,7,5,3,5,1,4,1,4,4,12,14,6,3,12,6,1670.331861,img_0532.png,img_0532_Front.png
30,1.6,4,11,2.33,1.38,0.44,0,0,0,0,0,0,10,10,13,12,12,12,6,1,4,8,5,2,4,1,3,1,3,3,8,11,6,4,9,6,1906.323299,img_0533.png,img_0533_Front.png
30,2.5,4,9,3.44,1.11,0.69,0,0,0,0,0,0,17,9,11,16,13,15,7,1,5,5,5,3,4,1,4,2,2,3,12,13,3,3,9,6,1799.202625,img_0534.png,img_0534_Front.png
30,1.7,4,13,3.44,1.09,0.75,0,0,0,0,0,0,17,7,13,17,8,19,10,1,5,8,5,3,4,1,4,1,3,4,12,14,6,3,13,6,1678.452318,img_0535.png,img_0535_Front.png
